rgt,radius_km,n_matchups,icesat_median_wse_m,gauge_median_stage_m,alignment_constant_m,nmad_m,bias_relative_to_pooled_m
545,2.0,4,15.937014364971539,3.573433613239496,12.3602620667666,0.04080149550600057,0.027166664653615058
1149,2.0,7,15.929866291589764,3.6470513102190814,12.319590728808251,0.05452372315093874,-0.013504673304733927
ALL,2.0,11,15.936660839125679,3.6042724887044146,12.333095402112985,0.049492069012354784,0.0
105,10.0,2,15.880568984704169,3.516235390749274,12.364333593954896,0.03742596656196331,0.02495398512403213
205,10.0,4,15.854349442241427,3.554129296920533,12.298632499420457,0.02408965037325184,-0.04074710941040749
545,10.0,18,15.933728194598807,3.542594688121778,12.368084429550692,0.04838528689793908,0.028704820719827495
989,10.0,2,16.282042088748046,3.937306177800237,12.344735910947808,0.01551609157552927,0.005356302116943823
1149,10.0,28,15.898776281088402,3.5910841578581927,12.32507540974806,0.036602411467082874,-0.014304199082804558
ALL,10.0,54,15.929495592873545,3.542594688121778,12.339379608830864,0.045637300105867716,0.0
