model,held_out_station,held_out_slug,observed_c_m,predicted_c_m,error_m,abs_error_m,training_station_count
constant,Nova Kakhovka,nova_kakhovka,-0.1276985003728397,-0.1893076443255097,-0.061609143952670004,0.061609143952670004,5
constant,Velyka Lepetykha,velyka_lepetykha,-0.1893076443255097,-0.149734941898604,0.03957270242690569,0.03957270242690569,5
constant,Nikopol,nikopol,-0.2078126724069351,-0.149734941898604,0.058077730508331094,0.058077730508331094,5
constant,Blahovishchenka,blahovishchenka,-0.149734941898604,-0.1893076443255097,-0.03957270242690569,0.03957270242690569,5
constant,Rozumivka,rozumivka,-0.146252279859766,-0.1893076443255097,-0.043055364465743706,0.043055364465743706,5
constant,Plavni,plavni,-0.2173214130781415,-0.149734941898604,0.0675864711795375,0.0675864711795375,5
plane,Nova Kakhovka,nova_kakhovka,-0.1276985003728397,-0.2104988704444066,-0.0828003700715669,0.0828003700715669,5
plane,Velyka Lepetykha,velyka_lepetykha,-0.1893076443255097,-0.1543967156523246,0.0349109286731851,0.0349109286731851,5
plane,Nikopol,nikopol,-0.2078126724069351,-0.1368800348740704,0.07093263753286469,0.07093263753286469,5
plane,Blahovishchenka,blahovishchenka,-0.149734941898604,-0.1845402936641754,-0.034805351765571396,0.034805351765571396,5
plane,Rozumivka,rozumivka,-0.146252279859766,-0.22024917725922127,-0.07399689739945528,0.07399689739945528,5
plane,Plavni,plavni,-0.2173214130781415,-0.10011943792453266,0.11720197515360885,0.11720197515360885,5
idw_p1,Nova Kakhovka,nova_kakhovka,-0.1276985003728397,-0.18431423542412803,-0.056615735051288335,0.056615735051288335,5
idw_p1,Velyka Lepetykha,velyka_lepetykha,-0.1893076443255097,-0.16918407954692816,0.020123564778581543,0.020123564778581543,5
idw_p1,Nikopol,nikopol,-0.2078126724069351,-0.1664572031685104,0.0413554692384247,0.0413554692384247,5
idw_p1,Blahovishchenka,blahovishchenka,-0.149734941898604,-0.18677145478535337,-0.03703651288674936,0.03703651288674936,5
idw_p1,Rozumivka,rozumivka,-0.146252279859766,-0.1900206765435744,-0.043768396683808414,0.043768396683808414,5
idw_p1,Plavni,plavni,-0.2173214130781415,-0.15952700845294365,0.05779440462519786,0.05779440462519786,5
idw_p2,Nova Kakhovka,nova_kakhovka,-0.1276985003728397,-0.18652148550320427,-0.058822985130364575,0.058822985130364575,5
idw_p2,Velyka Lepetykha,velyka_lepetykha,-0.1893076443255097,-0.1699410801753547,0.019366564150155002,0.019366564150155002,5
idw_p2,Nikopol,nikopol,-0.2078126724069351,-0.1641763489236281,0.04363632348330701,0.04363632348330701,5
idw_p2,Blahovishchenka,blahovishchenka,-0.149734941898604,-0.19158212777499709,-0.04184718587639308,0.04184718587639308,5
idw_p2,Rozumivka,rozumivka,-0.146252279859766,-0.19808815422979933,-0.05183587437003334,0.05183587437003334,5
idw_p2,Plavni,plavni,-0.2173214130781415,-0.15334570204616033,0.06397571103198119,0.06397571103198119,5
linear,Nova Kakhovka,nova_kakhovka,-0.1276985003728397,,,,5
linear,Velyka Lepetykha,velyka_lepetykha,-0.1893076443255097,-0.16450074293602285,0.024806901389486852,0.024806901389486852,5
linear,Nikopol,nikopol,-0.2078126724069351,,,,5
linear,Blahovishchenka,blahovishchenka,-0.149734941898604,-0.2085868020204458,-0.05885186012184179,0.05885186012184179,5
linear,Rozumivka,rozumivka,-0.146252279859766,,,,5
linear,Plavni,plavni,-0.2173214130781415,,,,5
