station_id,name_en,slug,radius_km,n_matchups,n_beampasses,n_dates,n_rgts,rgts,median_h_icesat_egg2015_m,c_station_m,empirical_nmad_m,empirical_std_m,bootstrap_ci95_low_m,bootstrap_ci95_high_m,flag
80959,Rozumivka,rozumivka,0.5,1,1,1,1,989,15.96628558256663,-0.13204240566309267,0.0,,,,LOW_SAMPLE
80959,Rozumivka,rozumivka,1.0,7,7,4,2,"205,989",16.1651267036462,-0.14310181089081553,0.0317634912187067,0.08015874391687708,-0.28812507078198024,-0.12167762957508188,OK
80959,Rozumivka,rozumivka,2.0,9,9,6,2,"205,989",16.166596864891236,-0.14625227985976608,0.03764209712857073,0.07709178936709461,-0.2878899681249827,-0.10139229243512204,OK
80959,Rozumivka,rozumivka,3.0,15,15,7,2,"205,989",16.159414582208043,-0.14625227985976608,0.06726703132428745,0.06765117611520408,-0.2033429087456291,-0.12488657443993745,OK
80959,Rozumivka,rozumivka,5.0,29,29,10,3,"45,205,989",16.155807757268185,-0.15486970314275084,0.051093228438661306,0.08315495324467395,-0.18408870663241927,-0.12983620855273514,OK
80959,Rozumivka,rozumivka,10.0,54,54,15,4,"45,205,645,989",16.12961709298013,-0.13884266094227637,0.06703860771321853,0.1260441355979491,-0.17144517856820318,-0.12420131664238543,OK
80961,Plavni,plavni,0.5,2,2,1,1,45,16.143185786380933,-0.3059625578668772,0.03481279032736434,0.03320701485566542,-0.32944346325428064,-0.28248165247947377,LOW_SAMPLE
80961,Plavni,plavni,1.0,2,2,1,1,45,16.13505901991091,-0.2978357691514901,0.029517603039644687,0.028156073484021864,-0.3177451196436287,-0.2779264186593515,LOW_SAMPLE
80961,Plavni,plavni,2.0,2,2,1,1,45,16.10609443185031,-0.2688711476533774,0.0013939081082933486,0.00132961267465957,-0.26981132579198075,-0.267930969514774,LOW_SAMPLE
80961,Plavni,plavni,3.0,8,8,3,2,"45,645",16.06398977234096,-0.21732141307814157,0.060157032676290065,0.04262752073075739,-0.2656278333481037,-0.1812607873609675,OK
80961,Plavni,plavni,5.0,11,11,4,2,"45,645",16.095423821935846,-0.23172857076533404,0.03924725084053021,0.03768560801503725,-0.2582004787921317,-0.18818903230693884,OK
80961,Plavni,plavni,10.0,26,26,10,3,"45,645,989",16.03611457049454,-0.2293231759266945,0.04442430571954627,0.04570107677604342,-0.2447557481283713,-0.20450122357470954,OK
80963,Blahovishchenka,blahovishchenka,0.5,3,3,2,1,1149,15.927634994976078,-0.12549744798677942,0.04118624340563507,0.02802732111429989,-0.15327718858143413,-0.09722327322314861,LOW_SAMPLE
80963,Blahovishchenka,blahovishchenka,1.0,6,6,4,2,"545,1149",15.939842579148786,-0.17259528261703316,0.06121972256155541,0.050305863464841505,-0.21388741978252312,-0.10705439255402549,OK
80963,Blahovishchenka,blahovishchenka,2.0,11,11,6,2,"545,1149",15.936660839125679,-0.14973494189860403,0.04949206901235215,0.044354354904507606,-0.18927555694586928,-0.11873405654459113,OK
80963,Blahovishchenka,blahovishchenka,3.0,16,16,7,2,"545,1149",15.933509996140696,-0.16739891032661802,0.03887680570139122,0.040483618813414425,-0.19020160280889797,-0.13775445426469357,OK
80963,Blahovishchenka,blahovishchenka,5.0,27,27,8,2,"545,1149",15.933555479676766,-0.1577682159582139,0.06161637228075888,0.0478982472113222,-0.1889139952919372,-0.12832233463007015,OK
80963,Blahovishchenka,blahovishchenka,10.0,54,54,13,5,"105,205,545,989,1149",15.929495592873545,-0.15601914861648414,0.0456373001058664,0.0436873822740935,-0.18095284510370302,-0.14209736523911243,OK
80964,Nikopol,nikopol,0.5,1,1,1,1,1049,15.906009406797722,-0.19449821493843622,0.0,,,,LOW_SAMPLE
80964,Nikopol,nikopol,1.0,3,3,2,1,1049,15.94071935801491,-0.19658426498083337,0.015099179641190154,0.02236282793703371,-0.22920816615562423,-0.18640000783717348,LOW_SAMPLE
80964,Nikopol,nikopol,2.0,8,8,4,2,"265,1049",16.005533723285925,-0.20781267240693513,0.034089040898334706,0.02598430730216618,-0.2395562637160218,-0.18281881318575088,OK
80964,Nikopol,nikopol,3.0,16,16,5,2,"265,1049",16.004566801159108,-0.19411835174891579,0.03083029457685732,0.037410355799411224,-0.22078813976516187,-0.17985340552466056,OK
80964,Nikopol,nikopol,5.0,24,24,7,4,"105,265,705,1049",15.959131956903388,-0.19358775452363552,0.03554112316349657,0.03277086876550756,-0.2211270229621647,-0.1844131303482417,OK
80964,Nikopol,nikopol,10.0,59,59,13,4,"105,265,705,1049",16.0362897662823,-0.18567335001562846,0.03014618496396175,0.03397009911992037,-0.19150540580225162,-0.17816661173660364,OK
80971,Velyka Lepetykha,velyka_lepetykha,2.0,2,2,2,2,"165,1209",15.983327885540017,-0.1905659986394097,0.06870666366521033,0.06553749870548171,-0.2369080083960604,-0.144223988882759,LOW_SAMPLE
80971,Velyka Lepetykha,velyka_lepetykha,3.0,5,5,3,2,"165,1209",15.912955708657151,-0.18930764432550973,0.060077712962136334,0.042490746746792735,-0.22982950656895795,-0.13091535191624892,OK
80971,Velyka Lepetykha,velyka_lepetykha,5.0,10,10,4,2,"165,1209",15.91432332323754,-0.1965070437992411,0.04971181194156553,0.03550710841547973,-0.2296933106010517,-0.16208376963077775,OK
80971,Velyka Lepetykha,velyka_lepetykha,10.0,29,29,8,3,"165,769,1209",15.953923652100613,-0.17268287856545506,0.04416200050982762,0.05215280875624131,-0.21151715982327524,-0.15989303877030103,OK
80977,Nova Kakhovka,nova_kakhovka,1.0,2,2,1,1,325,15.679093430294078,0.03058947311283866,0.029819128283454985,0.028443690568329415,0.010476746630001088,0.050702199595676234,LOW_SAMPLE
80977,Nova Kakhovka,nova_kakhovka,2.0,12,12,8,2,"325,669",15.91383917578806,-0.1276985003728397,0.05304702289887878,0.07426687371203686,-0.16479219518358956,-0.09397474693248853,OK
80977,Nova Kakhovka,nova_kakhovka,3.0,19,19,8,2,"325,669",15.933450381623707,-0.13816811435559373,0.0507530234437742,0.06725037064240318,-0.15941661142868213,-0.10393566902726903,OK
80977,Nova Kakhovka,nova_kakhovka,5.0,22,22,8,2,"325,669",15.935581743436693,-0.1299172636229331,0.04748834562930537,0.06804489227331394,-0.15609294965184084,-0.10667131254590956,OK
80977,Nova Kakhovka,nova_kakhovka,10.0,34,34,10,4,"325,669,769,1109",15.925651207208961,-0.12437489080686603,0.05523838935842672,0.07190530251863526,-0.15236050045623273,-0.10393566902726903,OK
