station_id,name_en,radius_km,rgt,n_matchups,n_dates,correction_m,mad_m,nmad_m,ci95_low_m,ci95_high_m,c_station_all_m,rgt_bias_m,flag
80959,Rozumivka,2.0,205,4,3,-0.22216343585801823,0.0678977792671418,0.10066524754146443,-0.2922324621253374,-0.07347863822405465,-0.14625227985976608,-0.07591115599825216,LOW_SAMPLE
80959,Rozumivka,2.0,989,5,3,-0.12819648407631234,0.018055795783453732,0.0267695228285485,-0.1513612661986592,-0.10139229243512204,-0.14625227985976608,0.018055795783453732,OK
80961,Plavni,3.0,45,4,2,-0.26401967301222484,0.0018314491982520664,0.0027153065813285133,-0.2660744110728501,-0.21423002607007646,-0.21732141307814157,-0.046698259934083275,LOW_SAMPLE
80961,Plavni,3.0,645,4,1,-0.18156815589511233,0.0115126611142502,0.017068671367987346,-0.22041280008620667,-0.15885020220075674,-0.21732141307814157,0.03575325718302924,LOW_SAMPLE
80963,Blahovishchenka,2.0,545,4,2,-0.1769016065522182,0.02752023169162232,0.04080149550599925,-0.22844325749079175,-0.14902780782258773,-0.14973494189860403,-0.02716666465361417,LOW_SAMPLE
80963,Blahovishchenka,2.0,1149,7,4,-0.1362302685938701,0.036775747437568285,0.05452372315093874,-0.1831168851148135,-0.09945452115630182,-0.14973494189860403,0.013504673304733927,OK
80964,Nikopol,2.0,265,2,1,-0.23418028153623283,0.005375982179788963,0.007970431179755115,-0.2395562637160218,-0.22880429935644386,-0.20781267240693513,-0.026367609129297698,LOW_SAMPLE
80964,Nikopol,2.0,1049,6,3,-0.19304428520086336,0.012888198115634353,0.01910804252623949,-0.23168492805498087,-0.180156087085229,-0.20781267240693513,0.014768387206071765,OK
80971,Velyka Lepetykha,3.0,165,3,2,-0.14384651318746222,0.012931161271213298,0.019171739700700834,-0.18930764432550973,-0.13091535191624892,-0.18930764432550973,0.045461131138047506,LOW_SAMPLE
80971,Velyka Lepetykha,3.0,1209,2,1,-0.2202446382163803,0.009584868352577658,0.014210525819531635,-0.22982950656895795,-0.21065976986380264,-0.18930764432550973,-0.030936993890870568,LOW_SAMPLE
80977,Nova Kakhovka,2.0,325,6,4,-0.11979355160074512,0.07112113067703962,0.10544418834177895,-0.19091468227778474,0.02530643035382507,-0.1276985003728397,0.007904948772094578,OK
80977,Nova Kakhovka,2.0,669,6,4,-0.1276985003728397,0.0160440435058975,0.02378689890184363,-0.16164468509405605,-0.11047342977927599,-0.1276985003728397,0.0,OK
