radius_km,rgt,n_matchups,alignment_constant_m,nmad_m,delta_empirical_m,delta_official_m,delta_unexplained_m,implied_gauge_zero_baltic_m,station_id,name_en
2.0,325,6,12.33544647278615,0.10544418834178025,0.3354464727861508,0.2156529211854059,0.1197935516007449,12.119793551600745,80977,Nova Kakhovka
2.0,669,6,12.343351421558246,0.02378689890184363,0.3433514215582463,0.2156529211854059,0.12769850037284036,12.12769850037284,80977,Nova Kakhovka
10.0,325,14,12.341384203907085,0.10378556899807898,0.3413842039070847,0.2156529211854059,0.12573128272167877,12.125731282721679,80977,Nova Kakhovka
10.0,669,17,12.34134667672976,0.03907627671839505,0.34134667672975993,0.2156529211854059,0.12569375554435402,12.125693755544354,80977,Nova Kakhovka
10.0,769,2,12.331678333069819,0.0634035288041708,0.331678333069819,0.2156529211854059,0.11602541188441307,12.116025411884413,80977,Nova Kakhovka
10.0,1109,1,12.33540001885732,0.0,0.3354000188573192,0.2156529211854059,0.11974709767191327,12.119747097671913,80977,Nova Kakhovka
2.0,165,1,12.323451020359396,0.0,0.3234510203593963,0.17922703147663743,0.1442239888827589,12.144223988882759,80971,Velyka Lepetykha
2.0,1209,1,12.416135039872698,0.0,0.41613503987269773,0.17922703147663743,0.2369080083960603,12.23690800839606,80971,Velyka Lepetykha
10.0,165,16,12.339570448394458,0.022486860781978518,0.3395704483944577,0.17922703147663743,0.16034341691782028,12.16034341691782,80971,Velyka Lepetykha
10.0,769,2,12.46079719495534,0.06417790118185404,0.4607971949553402,0.17922703147663743,0.2815701634787028,12.281570163478703,80971,Velyka Lepetykha
10.0,1209,11,12.385664095211265,0.04884984356269627,0.3856640952112649,0.17922703147663743,0.20643706373462745,12.206437063734628,80971,Velyka Lepetykha
2.0,265,2,12.40569147339552,0.007970431179755115,0.40569147339551925,0.1715111918592864,0.23418028153623285,12.234180281536233,80964,Nikopol
2.0,1049,6,12.36455547706015,0.019108042526242125,0.3645554770601507,0.1715111918592864,0.19304428520086428,12.193044285200864,80964,Nikopol
10.0,105,12,12.35491250505633,0.06150312834448843,0.35491250505632976,0.1715111918592864,0.18340131319704336,12.183401313197043,80964,Nikopol
10.0,265,14,12.362819399060069,0.027130599069618153,0.36281939906006855,0.1715111918592864,0.19130820720078215,12.191308207200782,80964,Nikopol
10.0,705,7,12.348857052897973,0.013031520712980405,0.34885705289797286,0.1715111918592864,0.17734586103868646,12.177345861038686,80964,Nikopol
10.0,1049,26,12.357173672333753,0.019646138354859708,0.35717367233375263,0.1715111918592864,0.18566248047446623,12.185662480474466,80964,Nikopol
2.0,545,4,12.360262066766602,0.040801495506003205,0.36026206676660166,0.18336046021438146,0.1769016065522202,12.17690160655222,80963,Blahovishchenka
2.0,1149,7,12.319590728808253,0.05452372315093874,0.3195907288082527,0.18336046021438146,0.13623026859387122,12.136230268593872,80963,Blahovishchenka
10.0,105,2,12.364333593954896,0.03742596656196331,0.3643335939548962,0.18336046021438146,0.1809731337405147,12.180973133740515,80963,Blahovishchenka
10.0,205,4,12.298632499420457,0.02408965037325184,0.29863249942045655,0.18336046021438146,0.1152720392060751,12.115272039206076,80963,Blahovishchenka
10.0,545,18,12.368084429550692,0.04838528689793908,0.36808442955069154,0.18336046021438146,0.18472396933631008,12.18472396933631,80963,Blahovishchenka
10.0,989,2,12.344735910947808,0.01551609157552927,0.34473591094780787,0.18336046021438146,0.1613754507334264,12.161375450733427,80963,Blahovishchenka
10.0,1149,28,12.325075409748061,0.03660241146708419,0.32507540974806126,0.18336046021438146,0.1417149495336798,12.14171494953368,80963,Blahovishchenka
2.0,45,2,12.458035156334514,0.0013939081082933486,0.45803515633451397,0.1891640086811383,0.26887114765337566,12.268871147653376,80961,Plavni
10.0,45,12,12.423520343255543,0.02931505401000508,0.423520343255543,0.1891640086811383,0.2343563345744047,12.234356334574406,80961,Plavni
10.0,645,10,12.395044363302912,0.0438250908025097,0.3950443633029117,0.1891640086811383,0.2058803546217734,12.205880354621774,80961,Plavni
10.0,989,4,12.433161517173566,0.08532187530686505,0.4331615171735663,0.1891640086811383,0.24399750849242802,12.243997508492429,80961,Plavni
2.0,205,4,12.425751011928135,0.10066524754146443,0.4257510119281349,0.20358757607011527,0.22216343585801965,12.22216343585802,80959,Rozumivka
2.0,989,5,12.331784060146427,0.026769522828545868,0.33178406014642725,0.20358757607011527,0.12819648407631198,12.128196484076312,80959,Rozumivka
10.0,45,4,12.24686586244496,0.09917415922842147,0.24686586244495956,0.20358757607011527,0.043278286374844294,12.043278286374845,80959,Rozumivka
10.0,205,26,12.382014185721022,0.07304348665048858,0.3820141857210224,0.20358757607011527,0.17842660965090715,12.178426609650908,80959,Rozumivka
10.0,645,1,12.027527214532084,0.0,0.027527214532083732,0.20358757607011527,-0.17606036153803153,11.823939638461969,80959,Rozumivka
10.0,989,23,12.331138897426507,0.04791450753557376,0.3311388974265075,0.20358757607011527,0.12755132135639222,12.127551321356393,80959,Rozumivka
