radius_km,n_matchups,alignment_constant_m,nmad_m,delta_empirical_m,delta_official_m,delta_unexplained_m,implied_gauge_zero_baltic_m,station_id,name_en
1.0,2,12.185063448072567,0.029819128283454985,0.18506344807256703,0.2156529211854059,-0.030589473112838883,11.969410526887161,80977,Nova Kakhovka
2.0,12,12.343351421558246,0.05304702289887878,0.3433514215582463,0.2156529211854059,0.12769850037284036,12.12769850037284,80977,Nova Kakhovka
3.0,19,12.353821035541,0.05075302344377156,0.3538210355409994,0.2156529211854059,0.1381681143555935,12.138168114355594,80977,Nova Kakhovka
5.0,22,12.345570184808338,0.04748834562930537,0.3455701848083379,0.2156529211854059,0.129917263622932,12.129917263622932,80977,Nova Kakhovka
10.0,34,12.340027811992272,0.05523838935842672,0.3400278119922717,0.2156529211854059,0.12437489080686581,12.124374890806866,80977,Nova Kakhovka
2.0,2,12.369793030116046,0.06870666366521033,0.36979303011604614,0.17922703147663743,0.1905659986394087,12.190565998639409,80971,Velyka Lepetykha
3.0,5,12.368534675802149,0.060077712962133704,0.3685346758021488,0.17922703147663743,0.1893076443255114,12.189307644325512,80971,Velyka Lepetykha
5.0,10,12.37573407527588,0.0497118119415629,0.3757340752758793,0.17922703147663743,0.1965070437992419,12.196507043799242,80971,Velyka Lepetykha
10.0,29,12.351909910042092,0.04416200050982762,0.3519099100420924,0.17922703147663743,0.17268287856545494,12.172682878565455,80971,Velyka Lepetykha
0.5,1,12.366009406797724,0.0,0.3660094067977244,0.1715111918592864,0.19449821493843802,12.194498214938438,80964,Nikopol
1.0,3,12.36809545684012,0.015099179641190154,0.3680954568401198,0.1715111918592864,0.1965842649808334,12.196584264980833,80964,Nikopol
2.0,8,12.379323864266222,0.03408904089833602,0.37932386426622244,0.1715111918592864,0.20781267240693604,12.207812672406936,80964,Nikopol
3.0,16,12.365629543608204,0.030830294576859953,0.365629543608204,0.1715111918592864,0.1941183517489176,12.194118351748918,80964,Nikopol
5.0,24,12.365098946382922,0.03554112316349526,0.36509894638292195,0.1715111918592864,0.19358775452363555,12.193587754523636,80964,Nikopol
10.0,59,12.357184541874917,0.030146184963964383,0.35718454187491666,0.1715111918592864,0.18567335001563026,12.18567335001563,80964,Nikopol
0.5,3,12.30885790820116,0.04118624340563771,0.3088579082011602,0.18336046021438146,0.12549744798677875,12.12549744798678,80963,Blahovishchenka
1.0,6,12.355955742831414,0.06121972256155673,0.35595574283141396,0.18336046021438146,0.1725952826170325,12.172595282617033,80963,Blahovishchenka
2.0,11,12.333095402112985,0.049492069012354784,0.33309540211298483,0.18336046021438146,0.14973494189860337,12.149734941898604,80963,Blahovishchenka
3.0,16,12.350759370540999,0.03887680570139254,0.3507593705409988,0.18336046021438146,0.16739891032661736,12.167398910326618,80963,Blahovishchenka
5.0,27,12.341128676172596,0.061616372280764144,0.34112867617259646,0.18336046021438146,0.157768215958215,12.157768215958216,80963,Blahovishchenka
10.0,54,12.339379608830864,0.045637300105867716,0.33937960883086404,0.18336046021438146,0.15601914861648258,12.156019148616483,80963,Blahovishchenka
0.5,2,12.495126566548015,0.03481279032736434,0.4951265665480147,0.1891640086811383,0.3059625578668764,12.305962557866877,80961,Plavni
1.0,2,12.486999777832626,0.029517603039646005,0.4869997778326258,0.1891640086811383,0.2978357691514875,12.297835769151488,80961,Plavni
2.0,2,12.458035156334514,0.0013939081082933486,0.45803515633451397,0.1891640086811383,0.26887114765337566,12.268871147653376,80961,Plavni
3.0,8,12.406485421759278,0.06015703267629138,0.40648542175927815,0.1891640086811383,0.21732141307813985,12.21732141307814,80961,Plavni
5.0,11,12.420892579446472,0.03924725084053021,0.4208925794464715,0.1891640086811383,0.2317285707653332,12.231728570765334,80961,Plavni
10.0,26,12.418487184607832,0.04442430571954627,0.41848718460783196,0.1891640086811383,0.22932317592669366,12.229323175926694,80961,Plavni
0.5,1,12.335629981733208,0.0,0.33562998173320757,0.20358757607011527,0.1320424056630923,12.132042405663093,80959,Rozumivka
1.0,7,12.34668938696093,0.0317634912187067,0.34668938696093043,0.20358757607011527,0.14310181089081517,12.143101810890816,80959,Rozumivka
2.0,9,12.34983985592988,0.03764209712856809,0.3498398559298792,0.20358757607011527,0.14625227985976394,12.146252279859764,80959,Rozumivka
3.0,15,12.34983985592988,0.06726703132429009,0.3498398559298792,0.20358757607011527,0.14625227985976394,12.146252279859764,80959,Rozumivka
5.0,29,12.358457279212868,0.051093228438663936,0.3584572792128675,0.20358757607011527,0.15486970314275225,12.154869703142753,80959,Rozumivka
10.0,54,12.342430237012392,0.06703860771322116,0.34243023701239217,0.20358757607011527,0.1388426609422769,12.138842660942277,80959,Rozumivka
