date,datetime,year,rgt,beam,transect,period,n_points,median_wse_evrs_m,mean_wse_evrs_m,std_m,mad_m,nmad_m,p05_m,p95_m,range_m,mean_distance_km,min_distance_km,radius_km,reservoir_level_m,deviation_from_reservoir_m,local_qc_pass,local_qc_flags,station_id,stage_m,H_bs77_m,alignment_constant_m,evrs_minus_bs77_m,time_difference_hours,gauge_interpolated,reservoir_qc_pass
2020-07-06,2020-07-06 07:02:55.480419584+00:00,2020,165,gt3l,165_gt3l,PRE_BREACH,12,16.046621871822744,16.041666138303253,0.01624789064361081,0.014001741725833128,0.020758982282720193,16.019204241185637,16.063811530248163,0.04460728906252598,1.9822470865645159,1.9733272625015927,2.0,16.05774313623875,-0.011121264416004806,True,,80971,3.723170851463348,15.723170851463347,12.323451020359396,0.3234510203593963,2.0487445609955555,True,True
2020-09-12,2020-09-12 16:03:51.385491712+00:00,2020,1209,gt2l,1209_gt2l,PRE_BREACH,17,15.920033899257291,15.91950304235365,0.012964444871164032,0.00746932456852889,0.011074020605300931,15.897948706360909,15.939286760721096,0.041338054360187115,1.9817253514454005,1.9726376885575057,2.0,15.90256566793717,0.01746823132012132,True,,80971,3.503898859384593,15.503898859384593,12.416135039872698,0.41613503987269773,0.9357262523022222,True,True
2020-07-06,2020-07-06 07:02:55.329919488+00:00,2020,165,gt3l,165_gt3l,PRE_BREACH,70,16.04624453547939,16.044055061622746,0.02283483182369062,0.015949427878226174,0.023646621772258125,16.003405380413643,16.07630302717769,0.07289764676404786,2.2592587536574307,1.9733272625015927,3.0,16.05774313623875,-0.011498600759360045,True,,80971,3.723170990815289,15.723170990815289,12.3230735446641,0.32307354466409954,2.0487027554133332,True,True
2020-07-06,2020-07-06 07:02:55.683919360+00:00,2020,165,gt3r,165_gt3r,PRE_BREACH,21,16.091705338839777,16.09212779774062,0.01910075681456738,0.01022213309131459,0.01515533452118301,16.05956830653671,16.120082891603882,0.06051458506717111,2.217410517384523,1.888940906841095,3.0,16.05774313623875,0.033962202601028224,True,,80971,3.72317066303763,15.72317066303763,12.368534675802147,0.36853467580214705,2.048801088711111,True,True
2020-09-12,2020-09-12 16:03:51.116591616+00:00,2020,1209,gt2l,1209_gt2l,PRE_BREACH,110,15.912955708657151,15.912581551039281,0.014330399643976824,0.00944144155518778,0.013997881249721402,15.890478271606616,15.937295034260748,0.046816762654131594,2.317261464437246,1.9726376885575057,3.0,15.90256566793717,0.010390040719981286,True,,80971,3.5038991706115556,15.503899170611556,12.409056538045595,0.4090565380455953,0.9358009467733334,True,True
2020-09-12,2020-09-12 16:03:51.469391616+00:00,2020,1209,gt2r,1209_gt2r,PRE_BREACH,34,15.893785563618662,15.892545912803625,0.013694782295233847,0.010431006556661515,0.015465010320906362,15.872709091475384,15.915665098672221,0.04295600719683712,2.406141793852482,2.0616234739019323,3.0,15.90256566793717,-0.008780104318507398,True,,80971,3.5038987622782223,15.503898762278222,12.38988680134044,0.38988680134043996,0.9357029467733333,True,True
2021-10-03,2021-10-03 09:22:20.291975424+00:00,2021,165,gt1l,165_gt1l,PRE_BREACH,34,15.815568038971197,15.8181136022427,0.024698602036658274,0.013689471274005882,0.02029601011084112,15.78009977340799,15.853348066512943,0.07324829310495318,2.5323645244545774,2.322759204660849,3.0,15.84609480973489,-0.030526770763692923,True,,80971,3.505425655578311,15.50542565557831,12.310142383392886,0.31014238339288625,4.372303326506667,True,True
2020-07-06,2020-07-06 07:02:55.329919488+00:00,2020,165,gt3l,165_gt3l,PRE_BREACH,118,16.043566232439087,16.042824751764776,0.022354711432743476,0.017042746712505163,0.025267576275960154,16.005562558428107,16.078839952696264,0.07327739426815683,2.9546248573601597,1.9733272625015927,5.0,16.05774313623875,-0.014176903799661744,True,,80971,3.723170990815289,15.723170990815289,12.320395241623798,0.32039524162379784,2.0487027554133332,True,True
2020-07-06,2020-07-06 07:02:55.683919360+00:00,2020,165,gt3r,165_gt3r,PRE_BREACH,35,16.09295011667644,16.09332699961706,0.019007770923688157,0.011494312865288236,0.017041468254076337,16.059482267767592,16.120480642129436,0.0609983743618443,2.9206707280996995,1.888940906841095,5.0,16.05774313623875,0.03520698043769244,True,,80971,3.72317066303763,15.72317066303763,12.369779453638811,0.36977945363881126,2.048801088711111,True,True
2020-09-12,2020-09-12 16:03:50.767691520+00:00,2020,1209,gt1l,1209_gt1l,PRE_BREACH,72,15.913613199154634,15.914182369796265,0.014445161274718829,0.01143476155432488,0.016953177480442064,15.890641465985023,15.937336714139857,0.04669524815483328,4.015022485567253,3.107745281666501,5.0,15.90256566793717,0.011047531217464268,True,,80971,3.503899574431111,15.503899574431111,12.409713624723523,0.4097136247235227,0.9358978634666667,True,True
2020-09-12,2020-09-12 16:03:50.790791424+00:00,2020,1209,gt2l,1209_gt2l,PRE_BREACH,162,15.9128198897728,15.911872142864636,0.014725307329124446,0.009577260439538549,0.014199246327659851,15.885104882212904,15.93598484827577,0.050879966062867155,2.847545628326558,1.9726376885575057,5.0,15.90256566793717,0.010254221835630517,True,,80971,3.503899547695111,15.503899547695111,12.408920342077689,0.408920342077689,0.9358914468266667,True,True
2020-09-12,2020-09-12 16:03:51.121191680+00:00,2020,1209,gt1r,1209_gt1r,PRE_BREACH,18,15.885587862200353,15.885848618119805,0.011576125174104678,0.00668808714477187,0.009915758000838774,15.865495516420957,15.901560767986984,0.036065251566027356,3.912696551934762,2.9742959072096986,5.0,15.90256566793717,-0.01697780573681662,True,,80971,3.5038991652874074,15.503899165287407,12.381688696912946,0.3816886969129456,0.9357996689777778,True,True
2020-09-12,2020-09-12 16:03:51.152791808+00:00,2020,1209,gt2r,1209_gt2r,PRE_BREACH,50,15.893785563618662,15.89461685441585,0.014772568141827218,0.00992993646406859,0.01472212380162809,15.873398298375752,15.918259001492034,0.04486070311628154,2.905009629897279,2.0616234739019323,5.0,15.90256566793717,-0.008780104318507398,True,,80971,3.503899128713185,15.503899128713185,12.389886434905478,0.3898864349054776,0.9357908911644445,True,True
2021-03-13,2021-03-13 07:23:34.877965568+00:00,2021,1209,gt1l,1209_gt1l,PRE_BREACH,21,15.984766909440133,16.00030265511726,0.05534198974391268,0.017086618143650867,0.025332620059776774,15.953937669887186,16.03575050900115,0.0818128391139652,4.055965761054253,3.6405322000566898,5.0,15.973263192616528,0.011503716823604293,True,,80971,3.62,15.620000000000001,12.364766909440132,0.36476690944013157,1.3930216571022223,True,True
2021-03-13,2021-03-13 07:23:35.220065536+00:00,2021,1209,gt1r,1209_gt1r,PRE_BREACH,78,15.961310801107416,15.96117631622407,0.021334828822630263,0.013605034253435733,0.020170823784143817,15.927759581219942,15.998636543608823,0.07087696238888164,4.122001879379602,3.7343700881328,5.0,15.973263192616528,-0.011952391509112203,True,,80971,3.62,15.620000000000001,12.341310801107415,0.3413108011074151,1.3931166848711112,True,True
2021-10-03,2021-10-03 09:22:20.291975424+00:00,2021,165,gt1l,165_gt1l,PRE_BREACH,55,15.821959068834765,15.824418811765115,0.02608312035787871,0.017351847894733652,0.02572584968873211,15.790118577590283,15.867678068851125,0.0775594912608426,3.2821136329773806,2.322759204660849,5.0,15.84609480973489,-0.024135740900124603,True,,80971,3.505425655578311,15.50542565557831,12.316533413256455,0.31653341325645457,4.372303326506667,True,True
2021-10-03,2021-10-03 09:22:20.650875392+00:00,2021,165,gt1r,165_gt1r,PRE_BREACH,11,15.915033447320443,15.913653123699879,0.014924214691745525,0.008823638362947861,0.013081926236906499,15.890866484639686,15.928894665117493,0.03802818047780754,3.4308716444201646,2.3143955857654457,5.0,15.84609480973489,0.06893863758555341,True,,80971,3.505425323263526,15.505425323263527,12.409608124056916,0.40960812405691627,4.372403020942222,True,False
2020-04-06,2020-04-06 11:23:09.519580928+00:00,2020,165,gt3l,165_gt3l,PRE_BREACH,56,16.01957625020984,16.018578912594204,0.015353257578911327,0.011525908087524073,0.01708831133056319,15.993455891407201,16.03732662910646,0.0438707376992582,9.485149851944742,9.295127340263274,10.0,15.969256664004053,0.050319586205787914,True,,80971,3.688713407795437,15.688713407795436,12.330862842414405,0.33086284241440467,5.614022338631111,True,True
2020-04-06,2020-04-06 11:23:09.819181056+00:00,2020,165,gt3r,165_gt3r,PRE_BREACH,275,15.953923652100613,15.948952834612117,0.05231426006577068,0.012680020220951604,0.018799397979582848,15.863714389122205,15.985606215509181,0.12189182638697638,9.455585484846594,9.199154021319794,10.0,15.969256664004053,-0.015333011903440052,True,,80971,3.688713130387911,15.68871313038791,12.265210521712703,0.265210521712703,5.613939116373333,True,True
2020-07-06,2020-07-06 07:02:54.790619648+00:00,2020,165,gt1l,165_gt1l,PRE_BREACH,174,16.04802699768478,16.04880280207266,0.017718892274943915,0.011745042945209505,0.017413200670567612,16.020542959579828,16.078504331081078,0.057961371501249914,8.811719715155615,8.395489402397455,10.0,16.05774313623875,-0.009716138553969245,True,,80971,3.7231714901669926,15.723171490166992,12.324855507517787,0.32485550751778725,2.048552949902222,True,True
2020-07-06,2020-07-06 07:02:55.040519424+00:00,2020,165,gt2l,165_gt2l,PRE_BREACH,121,16.055655588046886,16.056107297202917,0.020410072681767786,0.01375649566058712,0.020395380466386462,16.025275973517555,16.09196136592953,0.06668539241197635,5.699256013243512,5.1845896105547675,10.0,16.05774313623875,-0.0020875481918629646,True,,80971,3.723171258778311,15.723171258778311,12.332484329268574,0.3324843292685742,2.0486223665066667,True,True
2020-07-06,2020-07-06 07:02:55.126819584+00:00,2020,165,gt1r,165_gt1r,PRE_BREACH,52,16.065652232970095,16.068256723367778,0.015510525609144284,0.010441997871147635,0.015481306043763483,16.046226409081903,16.092745119547086,0.04651871046518252,8.745688845264665,8.312295533870264,10.0,16.05774313623875,0.00790909673134621,True,,80971,3.7231711788707553,15.723171178870755,12.34248105409934,0.3424810540993395,2.048646338773333,True,True
2020-07-06,2020-07-06 07:02:55.329919488+00:00,2020,165,gt3l,165_gt3l,PRE_BREACH,172,16.047122020472255,16.048207576677886,0.025092825612233794,0.018210823594795755,0.026999367061644186,16.008523575667056,16.08851079188751,0.07998721622045579,4.0631881294910634,1.9733272625015927,10.0,16.05774313623875,-0.010621115766493716,True,,80971,3.723170990815289,15.723170990815289,12.323951029656966,0.32395102965696587,2.0487027554133332,True,True
2020-07-06,2020-07-06 07:02:55.490919680+00:00,2020,165,gt2r,165_gt2r,PRE_BREACH,40,16.059830684430615,16.06070458554998,0.017497988058954073,0.012280170709308535,0.018206581093620833,16.038039796345135,16.09240618044094,0.054366384095803966,5.523695836920468,5.098490711348341,10.0,16.05774313623875,0.0020875481918665173,True,,80971,3.723170841741037,15.723170841741037,12.336659842689578,0.3366598426895777,2.048747477688889,True,True
2020-07-06,2020-07-06 07:02:55.683919360+00:00,2020,165,gt3r,165_gt3r,PRE_BREACH,54,16.094443853905076,16.096553507690533,0.02047278627615087,0.013759191097532764,0.020399376721202074,16.061675707824087,16.12690359650285,0.06522788867876272,4.219251332577212,1.888940906841095,10.0,16.05774313623875,0.036700717666327876,True,,80971,3.72317066303763,15.72317066303763,12.371273190867447,0.3712731908674467,2.048801088711111,True,True
2020-09-12,2020-09-12 16:03:50.052991744+00:00,2020,1209,gt1l,1209_gt1l,PRE_BREACH,241,15.90864524589438,15.90870631892724,0.01448040009178141,0.009940885119124943,0.014738356277614639,15.886359304161171,15.932600118156977,0.04624081399580504,6.449929178927879,3.107745281666501,10.0,15.90256566793717,0.006079577957210702,True,,80971,3.503900401629926,15.503900401629926,12.404744844264455,0.4047448442644548,0.9360963911822222,True,True
2020-09-12,2020-09-12 16:03:50.053191680+00:00,2020,1209,gt2l,1209_gt2l,PRE_BREACH,295,15.912813889533773,15.912482522063135,0.014310372367507936,0.009776735634211775,0.014494988251282377,15.89043784277856,15.935816826494776,0.045378983716215515,4.961096369341018,1.9726376885575057,10.0,15.90256566793717,0.010248221596603102,True,,80971,3.5039004013985187,15.503900401398518,12.408913488135255,0.40891348813525497,0.9360963356444445,True,True
2020-09-12,2020-09-12 16:03:50.221191680+00:00,2020,1209,gt3l,1209_gt3l,PRE_BREACH,257,15.933760403798647,15.93226400567597,0.020886152958869576,0.01321416322303648,0.019591318394473884,15.896741123156252,15.96233245462685,0.06559133147059804,5.830758430345602,5.186283301735579,10.0,15.90256566793717,0.031194735861477696,True,,80971,3.503900206954074,15.503900206954075,12.429860196844572,0.42986019684457233,0.9360496689777777,True,True
2020-09-12,2020-09-12 16:03:50.397091584+00:00,2020,1209,gt2r,1209_gt2r,PRE_BREACH,95,15.894644194666135,15.895684402534739,0.014166756224218095,0.009844168075769488,0.014594963589135843,15.873597046093964,15.917770615970866,0.04417356987690191,5.1344266969031604,2.0616234739019323,10.0,15.90256566793717,-0.00792147327103443,True,,80971,3.503900003366222,15.503900003366223,12.390744191299913,0.39074419129991256,0.9360008078933333,True,True
2020-09-12,2020-09-12 16:03:50.407291648+00:00,2020,1209,gt1r,1209_gt1r,PRE_BREACH,58,15.889564086771857,15.889036957342528,0.01534257952492684,0.009566617230960972,0.014183466706622736,15.864245481718969,15.914947461623463,0.050701979904493655,6.340874989980505,2.9742959072096986,10.0,15.90256566793717,-0.01300158116531236,True,,80971,3.5038999915605924,15.503899991560592,12.385664095211265,0.3856640952112649,0.9359979745422222,True,True
2020-09-12,2020-09-12 16:03:50.566991616+00:00,2020,1209,gt3r,1209_gt3r,PRE_BREACH,64,15.922512670018845,15.922712310416756,0.017702424354687253,0.011665972941742098,0.017295971483426834,15.895954568078295,15.9502596137297,0.05430504565140559,5.960685219817773,5.273822722548976,10.0,15.90256566793717,0.019947002081675436,True,,80971,3.5038998067226665,15.503899806722666,12.418612863296179,0.41861286329617897,0.93595361344,True,True
2020-10-05,2020-10-05 02:42:40.935680256+00:00,2020,165,gt3l,165_gt3l,PRE_BREACH,230,15.95492226670589,15.954645256865929,0.053983201072508404,0.011738251076298667,0.017403131045720402,15.910792185782993,15.978805476000533,0.06801329021753943,7.854553807338403,6.863709030884712,10.0,15.948224139875531,0.0066981268303578645,True,,80971,3.5128352826672002,15.5128352826672,12.442086984038689,0.4420869840386885,2.288628977706667,True,True
2020-10-05,2020-10-05 02:42:41.320180224+00:00,2020,165,gt3r,165_gt3r,PRE_BREACH,61,15.970044682597162,15.96794725680327,0.01897754477640297,0.014142734715331784,0.020968018488950902,15.93895457901904,15.994998077776152,0.056043498757112786,7.846292472638857,6.77465994322771,10.0,15.948224139875531,0.021820542721631142,True,,80971,3.5128360837088004,15.5128360837088,12.457208598888363,0.4572085988883625,2.28852217216,True,True
2021-03-13,2021-03-13 07:23:34.781365760+00:00,2021,1209,gt1l,1209_gt1l,PRE_BREACH,24,15.985589673603844,16.000832902880067,0.05210137814414899,0.017252293780618544,0.025578250759145053,15.955641400138628,16.034877158927607,0.07923575878897893,4.198078786910312,3.6405322000566898,10.0,15.973263192616528,0.012326480987315591,True,,80971,3.62,15.620000000000001,12.365589673603843,0.36558967360384287,1.3929948238222223,True,True
2021-03-13,2021-03-13 07:23:35.071565568+00:00,2021,1209,gt2l,1209_gt2l,PRE_BREACH,11,15.928808124495625,15.92667231683792,0.029496142965347277,0.01768699264335183,0.02622273529303342,15.87559456626857,15.957443816034681,0.08184924976611185,6.917339394516092,6.85035107795271,10.0,15.973263192616528,-0.04445506812090372,True,,80971,3.62,15.620000000000001,12.308808124495624,0.30880812449562356,1.39307543488,True,True
2021-03-13,2021-03-13 07:23:35.096565504+00:00,2021,1209,gt1r,1209_gt1r,PRE_BREACH,88,15.95912007024694,15.959682282398406,0.02103641123837926,0.014359573057765473,0.02128950301544309,15.925603217465564,15.998276208191204,0.07267299072563915,4.252973410071544,3.7343700881328,10.0,15.973263192616528,-0.014143122369588923,True,,80971,3.62,15.620000000000001,12.339120070246938,0.33912007024693835,1.3930823793066667,True,True
2021-03-13,2021-03-13 07:23:35.386765568+00:00,2021,1209,gt2r,1209_gt2r,PRE_BREACH,64,15.961521697244393,15.958187516714839,0.030706646530904057,0.023096219586983935,0.03424245515966238,15.912339029582348,16.00286335915366,0.09052432957131273,7.481380346179496,6.944520505853325,10.0,15.973263192616528,-0.011741495372135091,True,,80971,3.62,15.620000000000001,12.341521697244392,0.3415216972443922,1.3931629904355556,True,True
2021-05-14,2021-05-14 04:27:23.103676928+00:00,2021,769,gt1l,769_gt1l,PRE_BREACH,117,15.954084596265101,15.951921389059574,0.02010028384812154,0.013697505759129314,0.02030792203848512,15.919961088668288,15.982215757947447,0.06225466927915946,8.86381901821416,8.518594693130416,10.0,15.853810973331816,0.10027362293328501,True,,80971,3.45,15.45,12.504084596265102,0.5040845962651019,0.5435823119644444,True,True
2021-05-14,2021-05-14 04:27:23.450377216+00:00,2021,769,gt1r,769_gt1r,PRE_BREACH,432,15.867509793645574,15.867146921702034,0.022107522721001287,0.015151617086184288,0.022463787491976823,15.832469899711679,15.900737063499532,0.06826716378785314,8.985889340504379,8.603999020899675,10.0,15.853810973331816,0.01369882031375802,True,,80971,3.45,15.45,12.417509793645575,0.41750979364557494,0.5434860063288889,True,True
2021-10-03,2021-10-03 09:22:20.291975424+00:00,2021,165,gt1l,165_gt1l,PRE_BREACH,82,15.823548520456448,15.852982333979101,0.21448180909155598,0.01784338809962982,0.02645460719651117,15.78562220738362,15.874249250252202,0.08862704286858225,4.422182271276665,2.322759204660849,10.0,15.84609480973489,-0.022546289278441378,True,,80971,3.505425655578311,15.50542565557831,12.318122864878138,0.3181228648781378,4.372303326506667,True,True
2021-10-03,2021-10-03 09:22:20.650875392+00:00,2021,165,gt1r,165_gt1r,PRE_BREACH,17,15.921609359490827,15.919017490706016,0.01994630056390969,0.011714186251946757,0.01736745253713626,15.889688164884214,15.947995286011546,0.058307121127331385,4.545574368254968,2.3143955857654457,10.0,15.84609480973489,0.07551454975593686,True,,80971,3.505425323263526,15.505425323263527,12.4161840362273,0.4161840362272997,4.372403020942222,True,False
2021-10-03,2021-10-03 09:22:20.923175424+00:00,2021,165,gt2l,165_gt2l,PRE_BREACH,56,15.85733498117596,15.859693617868468,0.024114080324014676,0.014765044294785312,0.0218906546714487,15.820732357697754,15.895780545477773,0.07504818778001976,7.529600833324058,3.123544109139307,10.0,15.84609480973489,0.011240171441070146,True,,80971,3.5054250711338666,15.505425071133867,12.351909910042092,0.3519099100420924,4.37247865984,True,True
2021-10-03,2021-10-03 09:22:21.178575616+00:00,2021,165,gt3l,165_gt3l,PRE_BREACH,55,15.853350016342915,15.850845747517116,0.026716882956946915,0.016624146503239956,0.024646959605703556,15.809371430200327,15.89445914754092,0.08508771734059195,8.127958145130206,6.4376408922817605,10.0,15.84609480973489,0.007255206608025588,True,,80971,3.5054248346522074,15.505424834652207,12.347925181690709,0.34792518169070874,4.372549604337777,True,True
2021-10-03,2021-10-03 09:22:21.547275520+00:00,2021,165,gt3r,165_gt3r,PRE_BREACH,13,15.88712126456938,15.883752031651527,0.028360262850211468,0.009231220868080925,0.01368620805901678,15.847551489029879,15.931312782004508,0.08376129297462853,8.268852278985873,6.634671733990944,10.0,15.84609480973489,0.04102645483449052,True,,80971,3.5054244932634075,15.505424493263408,12.381696771305972,0.3816967713059718,4.372652020977778,True,True
2021-10-03,2021-10-03 09:22:21.757275648+00:00,2021,165,gt2r,165_gt2r,PRE_BREACH,16,15.8336393643626,15.831003111668565,0.024143645826253005,0.01427165838421729,0.02115916072044055,15.786492471370549,15.864704972554247,0.07821250118369782,8.300250492613419,6.554978707155044,10.0,15.84609480973489,-0.012455445372289375,True,,80971,3.5054242988188444,15.505424298818845,12.328215065543755,0.32821506554375546,4.372710354346666,True,True
2021-12-10,2021-12-10 18:23:18.404727296+00:00,2021,1209,gt1l,1209_gt1l,PRE_BREACH,19,16.025679448806358,16.03301250071568,0.019691308152323703,0.014170474662797972,0.021009145735064273,16.006983559771555,16.062908542963395,0.05592498319184003,5.531419372362002,4.853568599176525,10.0,16.031195737310675,-0.0055162885043174015,True,,80971,3.6835607527778373,15.683560752777836,12.342118696028521,0.3421186960285212,0.3884457575822222,True,True
