# Mykolaiv (post 98027, р. Південний Буг), 2021 daily water level, cm above graph zero.
# Transcribed verbatim from the yearbook: "Таблиця 1.2. Рівень води, см / Форма А Вип.1 2021 /
# 151'. 98027. р.Пiвденний Буг - м.Миколаїв / Відмітка нуля поста -5.00 м БС".
# Grid layout matches the source 1:1 (row = day 1..31, columns = months). Blank = no such day.
# Observation-condition flags (Ч, :, I, Z, ZЧ) in the source are dropped; values are the
# tabulated daily readings, not the separately-listed sub-daily monthly extremes.
# h0 = -5.00 m BS-77  =>  H_BS77 (m) = -5.00 + water_level_cm/100.
day,m01,m02,m03,m04,m05,m06,m07,m08,m09,m10,m11,m12
1,492,504,487,483,499,460,511,506,500,482,477,486
2,479,494,492,505,508,479,502,513,472,485,480,498
3,478,499,480,490,496,472,499,497,486,480,482,496
4,480,505,507,493,492,480,491,498,492,486,482,466
5,475,482,496,499,504,491,496,505,483,476,493,479
6,489,491,476,519,498,494,490,504,481,478,481,496
7,499,489,500,496,497,500,485,479,486,475,480,494
8,481,489,502,485,499,502,496,479,486,469,483,486
9,476,505,484,483,488,501,493,487,489,467,465,494
10,475,501,480,483,499,501,497,485,489,479,462,500
11,476,494,474,478,488,505,497,486,487,483,482,501
12,472,479,511,490,488,506,500,480,489,488,488,482
13,478,497,503,496,493,514,495,474,491,474,470,489
14,483,483,497,495,504,499,499,489,487,479,472,471
15,486,487,495,506,500,494,499,495,478,478,463,453
16,485,468,483,505,488,498,497,497,477,483,468,466
17,463,492,493,497,502,479,497,503,494,475,479,478
18,483,492,485,492,512,495,499,504,508,481,479,469
19,480,476,486,492,513,500,500,485,489,484,474,501
20,487,500,484,493,482,497,500,489,488,493,472,486
21,500,504,486,499,479,499,504,491,485,518,475,472
22,505,502,487,501,486,503,472,487,485,496,476,472
23,505,494,482,513,493,507,487,491,488,486,467,474
24,514,499,481,498,497,506,492,493,505,475,473,506
25,519,501,476,498,493,502,489,496,477,479,479,498
26,495,497,486,497,496,506,490,497,485,487,489,481
27,468,492,495,498,495,504,496,494,475,486,503,488
28,501,482,494,486,493,500,500,496,476,478,488,493
29,507,,488,490,489,506,509,501,471,473,511,498
30,495,,481,499,497,509,502,504,473,472,474,486
31,486,,483,,487,,499,497,,476,,495
