granule,acquisition_time,rgt,cycle,region,release,version,refid,source,query_date
ATL13_20181015231229_02650101_007_01.h5,2018-10-15T23:12:29+00:00,265,1,1,007,01,2210000129,seed,2026-09-04
ATL13_20181019212951_03250101_007_01.h5,2018-10-19T21:29:51+00:00,325,1,1,007,01,2210000129,seed,2026-09-04
ATL13_20181103071343_05450101_007_01.h5,2018-11-03T07:13:43+00:00,545,1,1,007,01,2210000129,seed,2026-09-04
ATL13_20181107114821_06090101_007_01.h5,2018-11-07T11:48:21+00:00,609,1,1,007,01,2210000129,seed,2026-09-04
ATL13_20181111100547_06690101_007_01.h5,2018-11-11T10:05:47+00:00,669,1,1,007,01,2210000129,seed,2026-09-04
ATL13_20181202085812_09890101_007_01.h5,2018-12-02T08:58:12+00:00,989,1,1,007,01,2210000129,seed,2026-09-04
ATL13_20181210053259_11090101_007_01.h5,2018-12-10T05:32:59+00:00,1109,1,1,007,01,2210000129,seed,2026-09-04
ATL13_20181216184157_12090101_007_01.h5,2018-12-16T18:41:57+00:00,1209,1,1,007,01,2210000129,seed,2026-09-04
ATL13_20190108054323_01650201_007_01.h5,2019-01-08T05:43:23+00:00,165,2,1,007,01,2210000129,seed,2026-09-04
ATL13_20190303043813_09890201_007_01.h5,2019-03-03T04:38:13+00:00,989,2,1,007,01,2210000129,seed,2026-09-04
ATL13_20190307025536_10490201_007_01.h5,2019-03-07T02:55:36+00:00,1049,2,1,007,01,2210000129,seed,2026-09-04
ATL13_20190313160433_11490201_007_02.h5,2019-03-13T16:04:33+00:00,1149,2,1,007,02,2210000129,seed,2026-09-04
ATL13_20190317142156_12090201_007_01.h5,2019-03-17T14:21:56+00:00,1209,2,1,007,01,2210000129,seed,2026-09-04
ATL13_20190401044830_00450301_007_01.h5,2019-04-01T04:48:30+00:00,45,3,1,007,01,2210000129,seed,2026-09-04
ATL13_20190405030553_01050301_007_01.h5,2019-04-05T03:05:53+00:00,105,3,1,007,01,2210000129,seed,2026-09-04
ATL13_20190409012315_01650301_007_01.h5,2019-04-09T01:23:15+00:00,165,3,1,007,01,2210000129,seed,2026-09-04
ATL13_20190411161450_02050301_007_01.h5,2019-04-11T16:14:50+00:00,205,3,1,007,01,2210000129,seed,2026-09-04
ATL13_20190419124933_03250301_007_01.h5,2019-04-19T12:49:33+00:00,325,3,1,007,01,2210000129,seed,2026-09-04
ATL13_20190503223315_05450301_007_01.h5,2019-05-03T22:33:15+00:00,545,3,1,007,01,2210000129,seed,2026-09-04
ATL13_20190510114213_06450301_007_01.h5,2019-05-10T11:42:13+00:00,645,3,1,007,01,2210000129,seed,2026-09-04
ATL13_20190512012510_06690301_007_01.h5,2019-05-12T01:25:10+00:00,669,3,1,007,01,2210000129,seed,2026-09-04
ATL13_20190514095935_07050301_007_01.h5,2019-05-14T09:59:35+00:00,705,3,1,007,01,2210000129,seed,2026-09-04
ATL13_20190518143406_07690301_007_01.h5,2019-05-18T14:34:06+00:00,769,3,1,007,01,2210000129,seed,2026-09-04
ATL13_20190602001747_09890301_007_01.h5,2019-06-02T00:17:47+00:00,989,3,1,007,01,2210000129,seed,2026-09-04
ATL13_20190605223510_10490301_007_01.h5,2019-06-05T22:35:10+00:00,1049,3,1,007,01,2210000129,seed,2026-09-04
ATL13_20190609205233_11090301_007_01.h5,2019-06-09T20:52:33+00:00,1109,3,1,007,01,2210000129,seed,2026-09-04
ATL13_20190612114409_11490301_007_01.h5,2019-06-12T11:44:09+00:00,1149,3,1,007,01,2210000129,seed,2026-09-04
ATL13_20190616100131_12090301_007_01.h5,2019-06-16T10:01:31+00:00,1209,3,1,007,01,2210000129,seed,2026-09-04
ATL13_20190711115414_02050401_007_01.h5,2019-07-11T11:54:14+00:00,205,4,1,007,01,2210000129,seed,2026-09-04
ATL13_20190715101141_02650401_007_01.h5,2019-07-15T10:11:41+00:00,265,4,1,007,01,2210000129,seed,2026-09-04
ATL13_20190719082904_03250401_007_01.h5,2019-07-19T08:29:04+00:00,325,4,1,007,01,2210000129,seed,2026-09-04
ATL13_20190802181256_05450401_007_01.h5,2019-08-02T18:12:56+00:00,545,4,1,007,01,2210000129,seed,2026-09-04
ATL13_20190806224729_06090401_007_01.h5,2019-08-06T22:47:29+00:00,609,4,1,007,01,2210000129,seed,2026-09-04
ATL13_20190809072154_06450401_007_01.h5,2019-08-09T07:21:54+00:00,645,4,1,007,01,2210000129,seed,2026-09-04
ATL13_20190813053917_07050401_007_01.h5,2019-08-13T05:39:17+00:00,705,4,1,007,01,2210000129,seed,2026-09-04
ATL13_20190817101351_07690401_007_01.h5,2019-08-17T10:13:51+00:00,769,4,1,007,01,2210000129,seed,2026-09-04
ATL13_20190831195737_09890401_007_02.h5,2019-08-31T19:57:37+00:00,989,4,1,007,02,2210000129,seed,2026-09-04
ATL13_20190908163223_11090401_007_01.h5,2019-09-08T16:32:23+00:00,1109,4,1,007,01,2210000129,seed,2026-09-04
ATL13_20190911072358_11490401_007_01.h5,2019-09-11T07:23:58+00:00,1149,4,1,007,01,2210000129,seed,2026-09-04
ATL13_20190915054121_12090401_007_01.h5,2019-09-15T05:41:21+00:00,1209,4,1,007,01,2210000129,seed,2026-09-04
ATL13_20190929200800_00450501_007_01.h5,2019-09-29T20:08:00+00:00,45,5,1,007,01,2210000129,seed,2026-09-04
ATL13_20191003182524_01050501_007_01.h5,2019-10-03T18:25:24+00:00,105,5,1,007,01,2210000129,seed,2026-09-04
ATL13_20191007164246_01650501_007_01.h5,2019-10-07T16:42:46+00:00,165,5,1,007,01,2210000129,seed,2026-09-04
ATL13_20191010073421_02050501_007_01.h5,2019-10-10T07:34:21+00:00,205,5,1,007,01,2210000129,seed,2026-09-04
ATL13_20191014055144_02650501_007_01.h5,2019-10-14T05:51:44+00:00,265,5,1,007,01,2210000129,seed,2026-09-04
ATL13_20191101135250_05450501_007_01.h5,2019-11-01T13:52:50+00:00,545,5,1,007,01,2210000129,seed,2026-09-04
ATL13_20191105182723_06090501_007_01.h5,2019-11-05T18:27:23+00:00,609,5,1,007,01,2210000129,seed,2026-09-04
ATL13_20191109164446_06690501_007_01.h5,2019-11-09T16:44:46+00:00,669,5,1,007,01,2210000129,seed,2026-09-04
ATL13_20191112011912_07050501_007_02.h5,2019-11-12T01:19:12+00:00,705,5,1,007,02,2210000129,seed,2026-09-04
ATL13_20191116055346_07690501_007_01.h5,2019-11-16T05:53:46+00:00,769,5,1,007,01,2210000129,seed,2026-09-04
ATL13_20191130153727_09890501_007_01.h5,2019-11-30T15:37:27+00:00,989,5,1,007,01,2210000129,seed,2026-09-04
ATL13_20191204135449_10490501_007_01.h5,2019-12-04T13:54:49+00:00,1049,5,1,007,01,2210000129,seed,2026-09-04
ATL13_20191208121212_11090501_007_01.h5,2019-12-08T12:12:12+00:00,1109,5,1,007,01,2210000129,seed,2026-09-04
ATL13_20200102140508_01050601_007_01.h5,2020-01-02T14:05:08+00:00,105,6,1,007,01,2210000129,seed,2026-09-04
ATL13_20200106122231_01650601_007_01.h5,2020-01-06T12:22:31+00:00,165,6,1,007,01,2210000129,seed,2026-09-04
ATL13_20200109031406_02050601_007_01.h5,2020-01-09T03:14:06+00:00,205,6,1,007,01,2210000129,seed,2026-09-04
ATL13_20200113013128_02650601_007_01.h5,2020-01-13T01:31:28+00:00,265,6,1,007,01,2210000129,seed,2026-09-04
ATL13_20200131093237_05450601_007_01.h5,2020-01-31T09:32:37+00:00,545,6,1,007,01,2210000129,seed,2026-09-04
ATL13_20200204140707_06090601_007_01.h5,2020-02-04T14:07:07+00:00,609,6,1,007,01,2210000129,seed,2026-09-04
ATL13_20200208122429_06690601_007_01.h5,2020-02-08T12:24:29+00:00,669,6,1,007,01,2210000129,seed,2026-09-04
ATL13_20200215013328_07690601_007_01.h5,2020-02-15T01:33:28+00:00,769,6,1,007,01,2210000129,seed,2026-09-04
ATL13_20200229111712_09890601_007_01.h5,2020-02-29T11:17:12+00:00,989,6,1,007,01,2210000129,seed,2026-09-04
ATL13_20200304093432_10490601_007_01.h5,2020-03-04T09:34:32+00:00,1049,6,1,007,01,2210000129,seed,2026-09-04
ATL13_20200308075157_11090601_007_01.h5,2020-03-08T07:51:57+00:00,1109,6,1,007,01,2210000129,seed,2026-09-04
ATL13_20200310224335_11490601_007_01.h5,2020-03-10T22:43:35+00:00,1149,6,1,007,01,2210000129,seed,2026-09-04
ATL13_20200329112730_00450701_007_01.h5,2020-03-29T11:27:30+00:00,45,7,1,007,01,2210000129,seed,2026-09-04
ATL13_20200402094453_01050701_007_01.h5,2020-04-02T09:44:53+00:00,105,7,1,007,01,2210000129,seed,2026-09-04
ATL13_20200406080217_01650701_007_01.h5,2020-04-06T08:02:17+00:00,165,7,1,007,01,2210000129,seed,2026-09-04
ATL13_20200408225352_02050701_007_01.h5,2020-04-08T22:53:52+00:00,205,7,1,007,01,2210000129,seed,2026-09-04
ATL13_20200412211117_02650701_007_01.h5,2020-04-12T21:11:17+00:00,265,7,1,007,01,2210000129,seed,2026-09-04
ATL13_20200416192839_03250701_007_01.h5,2020-04-16T19:28:39+00:00,325,7,1,007,01,2210000129,seed,2026-09-04
ATL13_20200501051222_05450701_007_01.h5,2020-05-01T05:12:22+00:00,545,7,1,007,01,2210000129,seed,2026-09-04
ATL13_20200505094656_06090701_007_01.h5,2020-05-05T09:46:56+00:00,609,7,1,007,01,2210000129,seed,2026-09-04
ATL13_20200511163846_07050701_007_01.h5,2020-05-11T16:38:46+00:00,705,7,1,007,01,2210000129,seed,2026-09-04
ATL13_20200515211318_07690701_007_01.h5,2020-05-15T21:13:18+00:00,769,7,1,007,01,2210000129,seed,2026-09-04
ATL13_20200530065701_09890701_007_01.h5,2020-05-30T06:57:01+00:00,989,7,1,007,01,2210000129,seed,2026-09-04
ATL13_20200603051424_10490701_007_01.h5,2020-06-03T05:14:24+00:00,1049,7,1,007,01,2210000129,seed,2026-09-04
ATL13_20200607033146_11090701_007_01.h5,2020-06-07T03:31:46+00:00,1109,7,1,007,01,2210000129,seed,2026-09-04
ATL13_20200609182320_11490701_007_01.h5,2020-06-09T18:23:20+00:00,1149,7,1,007,01,2210000129,seed,2026-09-04
ATL13_20200628070719_00450801_007_01.h5,2020-06-28T07:07:19+00:00,45,8,1,007,01,2210000129,seed,2026-09-04
ATL13_20200702052442_01050801_007_01.h5,2020-07-02T05:24:42+00:00,105,8,1,007,01,2210000129,seed,2026-09-04
ATL13_20200706034201_01650801_007_01.h5,2020-07-06T03:42:01+00:00,165,8,1,007,01,2210000129,seed,2026-09-04
ATL13_20200708183338_02050801_007_01.h5,2020-07-08T18:33:38+00:00,205,8,1,007,01,2210000129,seed,2026-09-04
ATL13_20200716150827_03250801_007_01.h5,2020-07-16T15:08:27+00:00,325,8,1,007,01,2210000129,seed,2026-09-04
ATL13_20200731005211_05450801_007_01.h5,2020-07-31T00:52:11+00:00,545,8,1,007,01,2210000129,seed,2026-09-04
ATL13_20200804052642_06090801_007_01.h5,2020-08-04T05:26:42+00:00,609,8,1,007,01,2210000129,seed,2026-09-04
ATL13_20200806140107_06450801_007_01.h5,2020-08-06T14:01:07+00:00,645,8,1,007,01,2210000129,seed,2026-09-04
ATL13_20200808034404_06690801_007_01.h5,2020-08-08T03:44:04+00:00,669,8,1,007,01,2210000129,seed,2026-09-04
ATL13_20200810121830_07050801_007_01.h5,2020-08-10T12:18:30+00:00,705,8,1,007,01,2210000129,seed,2026-09-04
ATL13_20200814165304_07690801_007_01.h5,2020-08-14T16:53:04+00:00,769,8,1,007,01,2210000129,seed,2026-09-04
ATL13_20200829023648_09890801_007_01.h5,2020-08-29T02:36:48+00:00,989,8,1,007,01,2210000129,seed,2026-09-04
ATL13_20200902005410_10490801_007_01.h5,2020-09-02T00:54:10+00:00,1049,8,1,007,01,2210000129,seed,2026-09-04
ATL13_20200908140308_11490801_007_01.h5,2020-09-08T14:03:08+00:00,1149,8,1,007,01,2210000129,seed,2026-09-04
ATL13_20200912122031_12090801_007_01.h5,2020-09-12T12:20:31+00:00,1209,8,1,007,01,2210000129,seed,2026-09-04
ATL13_20200927024708_00450901_007_01.h5,2020-09-27T02:47:08+00:00,45,9,1,007,01,2210000129,seed,2026-09-04
ATL13_20201001010431_01050901_007_01.h5,2020-10-01T01:04:31+00:00,105,9,1,007,01,2210000129,seed,2026-09-04
ATL13_20201004232148_01650901_007_01.h5,2020-10-04T23:21:48+00:00,165,9,1,007,01,2210000129,seed,2026-09-04
ATL13_20201007141325_02050901_007_01.h5,2020-10-07T14:13:25+00:00,205,9,1,007,01,2210000129,seed,2026-09-04
ATL13_20201011123049_02650901_007_01.h5,2020-10-11T12:30:49+00:00,265,9,1,007,01,2210000129,seed,2026-09-04
ATL13_20201015104813_03250901_007_01.h5,2020-10-15T10:48:13+00:00,325,9,1,007,01,2210000129,seed,2026-09-04
ATL13_20201127221637_09890901_007_01.h5,2020-11-27T22:16:37+00:00,989,9,1,007,01,2210000129,seed,2026-09-04
ATL13_20201205185123_11090901_007_01.h5,2020-12-05T18:51:23+00:00,1109,9,1,007,01,2210000129,seed,2026-09-04
ATL13_20201208094258_11490901_007_01.h5,2020-12-08T09:42:58+00:00,1149,9,1,007,01,2210000129,seed,2026-09-04
ATL13_20201230204423_01051001_007_01.h5,2020-12-30T20:44:23+00:00,105,10,1,007,01,2210000129,seed,2026-09-04
ATL13_20210106095320_02051001_007_01.h5,2021-01-06T09:53:20+00:00,205,10,1,007,01,2210000129,seed,2026-09-04
ATL13_20210110081046_02651001_007_01.h5,2021-01-10T08:10:46+00:00,265,10,1,007,01,2210000129,seed,2026-09-04
ATL13_20210205190350_06691001_007_01.h5,2021-02-05T19:03:50+00:00,669,10,1,007,01,2210000129,seed,2026-09-04
ATL13_20210226175630_09891001_007_01.h5,2021-02-26T17:56:30+00:00,989,10,1,007,01,2210000129,seed,2026-09-04
ATL13_20210309052251_11491001_007_01.h5,2021-03-09T05:22:51+00:00,1149,10,1,007,01,2210000129,seed,2026-09-04
ATL13_20210313034015_12091001_007_01.h5,2021-03-13T03:40:15+00:00,1209,10,1,007,01,2210000129,seed,2026-09-04
ATL13_20210327180651_00451101_007_01.h5,2021-03-27T18:06:51+00:00,45,11,1,007,01,2210000129,seed,2026-09-04
ATL13_20210331162414_01051101_007_01.h5,2021-03-31T16:24:14+00:00,105,11,1,007,01,2210000129,seed,2026-09-04
ATL13_20210404144138_01651101_007_01.h5,2021-04-04T14:41:38+00:00,165,11,1,007,01,2210000129,seed,2026-09-04
ATL13_20210407053313_02051101_007_01.h5,2021-04-07T05:33:13+00:00,205,11,1,007,01,2210000129,seed,2026-09-04
ATL13_20210411035036_02651101_007_01.h5,2021-04-11T03:50:36+00:00,265,11,1,007,01,2210000129,seed,2026-09-04
ATL13_20210503162616_06091101_007_01.h5,2021-05-03T16:26:16+00:00,609,11,1,007,01,2210000129,seed,2026-09-04
ATL13_20210509231805_07051101_007_01.h5,2021-05-09T23:18:05+00:00,705,11,1,007,01,2210000129,seed,2026-09-04
ATL13_20210514035238_07691101_007_01.h5,2021-05-14T03:52:38+00:00,769,11,1,007,01,2210000129,seed,2026-09-04
ATL13_20210528133621_09891101_007_01.h5,2021-05-28T13:36:21+00:00,989,11,1,007,01,2210000129,seed,2026-09-04
ATL13_20210605101107_11091101_007_01.h5,2021-06-05T10:11:07+00:00,1109,11,1,007,01,2210000129,seed,2026-09-04
ATL13_20210608010243_11491101_007_01.h5,2021-06-08T01:02:43+00:00,1149,11,1,007,01,2210000129,seed,2026-09-04
ATL13_20210611232006_12091101_007_01.h5,2021-06-11T23:20:06+00:00,1209,11,1,007,01,2210000129,seed,2026-09-04
ATL13_20210626134642_00451201_007_01.h5,2021-06-26T13:46:42+00:00,45,12,1,007,01,2210000129,seed,2026-09-04
ATL13_20210630120405_01051201_007_01.h5,2021-06-30T12:04:05+00:00,105,12,1,007,01,2210000129,seed,2026-09-04
ATL13_20210704102127_01651201_007_01.h5,2021-07-04T10:21:27+00:00,165,12,1,007,01,2210000129,seed,2026-09-04
ATL13_20210710233026_02651201_007_01.h5,2021-07-10T23:30:26+00:00,265,12,1,007,01,2210000129,seed,2026-09-04
ATL13_20210714214749_03251201_007_01.h5,2021-07-14T21:47:49+00:00,325,12,1,007,01,2210000129,seed,2026-09-04
ATL13_20210802120607_06091201_007_01.h5,2021-08-02T12:06:07+00:00,609,12,1,007,01,2210000129,seed,2026-09-04
ATL13_20210804204032_06451201_007_01.h5,2021-08-04T20:40:32+00:00,645,12,1,007,01,2210000129,seed,2026-09-04
ATL13_20210806102331_06691201_007_01.h5,2021-08-06T10:23:31+00:00,669,12,1,007,01,2210000129,seed,2026-09-04
ATL13_20210808185755_07051201_007_01.h5,2021-08-08T18:57:55+00:00,705,12,1,007,01,2210000129,seed,2026-09-04
ATL13_20210812233231_07691201_007_01.h5,2021-08-12T23:32:31+00:00,769,12,1,007,01,2210000129,seed,2026-09-04
ATL13_20210827091617_09891201_007_01.h5,2021-08-27T09:16:17+00:00,989,12,1,007,01,2210000129,seed,2026-09-04
ATL13_20210831073339_10491201_007_01.h5,2021-08-31T07:33:39+00:00,1049,12,1,007,01,2210000129,seed,2026-09-04
ATL13_20210904055101_11091201_007_01.h5,2021-09-04T05:51:01+00:00,1109,12,1,007,01,2210000129,seed,2026-09-04
ATL13_20210906204239_11491201_007_01.h5,2021-09-06T20:42:39+00:00,1149,12,1,007,01,2210000129,seed,2026-09-04
ATL13_20210929074402_01051301_007_01.h5,2021-09-29T07:44:02+00:00,105,13,1,007,01,2210000129,seed,2026-09-04
ATL13_20211003060128_01651301_007_01.h5,2021-10-03T06:01:28+00:00,165,13,1,007,01,2210000129,seed,2026-09-04
ATL13_20211028031134_05451301_007_01.h5,2021-10-28T03:11:34+00:00,545,13,1,007,01,2210000129,seed,2026-09-04
ATL13_20211103162034_06451301_007_01.h5,2021-11-03T16:20:34+00:00,645,13,1,007,01,2210000129,seed,2026-09-04
ATL13_20211105060333_06691301_007_01.h5,2021-11-05T06:03:33+00:00,669,13,1,007,01,2210000129,seed,2026-09-04
ATL13_20211111191231_07691301_007_01.h5,2021-11-11T19:12:31+00:00,769,13,1,007,01,2210000129,seed,2026-09-04
ATL13_20211126045613_09891301_007_01.h5,2021-11-26T04:56:13+00:00,989,13,1,007,01,2210000129,seed,2026-09-04
ATL13_20211130031336_10491301_007_01.h5,2021-11-30T03:13:36+00:00,1049,13,1,007,01,2210000129,seed,2026-09-04
ATL13_20211210143958_12091301_007_01.h5,2021-12-10T14:39:58+00:00,1209,13,1,007,01,2210000129,seed,2026-09-04
ATL13_20211225050634_00451401_007_01.h5,2021-12-25T05:06:34+00:00,45,14,1,007,01,2210000129,seed,2026-09-04
ATL13_20220104163255_02051401_007_01.h5,2022-01-04T16:32:55+00:00,205,14,1,007,01,2210000129,seed,2026-09-04
ATL13_20220108145018_02651401_007_01.h5,2022-01-08T14:50:18+00:00,265,14,1,007,01,2210000129,seed,2026-09-04
ATL13_20220206101745_07051401_007_01.h5,2022-02-06T10:17:45+00:00,705,14,1,007,01,2210000129,seed,2026-09-04
ATL13_20220210145215_07691401_007_01.h5,2022-02-10T14:52:15+00:00,769,14,1,007,01,2210000129,seed,2026-09-04
ATL13_20220304211049_11091401_007_01.h5,2022-03-04T21:10:49+00:00,1109,14,1,007,01,2210000129,seed,2026-09-04
ATL13_20220311101947_12091401_007_01.h5,2022-03-11T10:19:47+00:00,1209,14,1,007,01,2210000129,seed,2026-09-04
ATL13_20220326004626_00451501_007_01.h5,2022-03-26T00:46:26+00:00,45,15,1,007,01,2210000129,seed,2026-09-04
ATL13_20220329230349_01051501_007_01.h5,2022-03-29T23:03:49+00:00,105,15,1,007,01,2210000129,seed,2026-09-04
ATL13_20220402212111_01651501_007_01.h5,2022-04-02T21:21:11+00:00,165,15,1,007,01,2210000129,seed,2026-09-04
ATL13_20220427183114_05451501_007_01.h5,2022-04-27T18:31:14+00:00,545,15,1,007,01,2210000129,seed,2026-09-04
ATL13_20220508055737_07051501_007_01.h5,2022-05-08T05:57:37+00:00,705,15,1,007,01,2210000129,seed,2026-09-04
ATL13_20220512103211_07691501_007_01.h5,2022-05-12T10:32:11+00:00,769,15,1,007,01,2210000129,seed,2026-09-04
ATL13_20220526201553_09891501_007_01.h5,2022-05-26T20:15:53+00:00,989,15,1,007,01,2210000129,seed,2026-09-04
ATL13_20220530183322_10491501_007_01.h5,2022-05-30T18:33:22+00:00,1049,15,1,007,01,2210000129,seed,2026-09-04
ATL13_20220603165044_11091501_007_01.h5,2022-06-03T16:50:44+00:00,1109,15,1,007,01,2210000129,seed,2026-09-04
ATL13_20220606074220_11491501_007_01.h5,2022-06-06T07:42:20+00:00,1149,15,1,007,01,2210000129,seed,2026-09-04
ATL13_20220610055939_12091501_007_01.h5,2022-06-10T05:59:39+00:00,1209,15,1,007,01,2210000129,seed,2026-09-04
ATL13_20220624202621_00451601_007_01.h5,2022-06-24T20:26:21+00:00,45,16,1,007,01,2210000129,seed,2026-09-04
ATL13_20220628184344_01051601_007_01.h5,2022-06-28T18:43:44+00:00,105,16,1,007,01,2210000129,seed,2026-09-04
ATL13_20220702170108_01651601_007_01.h5,2022-07-02T17:01:08+00:00,165,16,1,007,01,2210000129,seed,2026-09-04
ATL13_20220705075246_02051601_007_01.h5,2022-07-05T07:52:46+00:00,205,16,1,007,01,2210000129,seed,2026-09-04
ATL13_20220709061007_02651601_007_01.h5,2022-07-09T06:10:07+00:00,265,16,1,007,01,2210000129,seed,2026-09-04
ATL13_20220713042725_03251601_007_01.h5,2022-07-13T04:27:25+00:00,325,16,1,007,01,2210000129,seed,2026-09-04
ATL13_20220727141114_05451601_007_01.h5,2022-07-27T14:11:14+00:00,545,16,1,007,01,2210000129,seed,2026-09-04
ATL13_20220731184548_06091601_007_01.h5,2022-07-31T18:45:48+00:00,609,16,1,007,01,2210000129,seed,2026-09-04
ATL13_20220803032015_06451601_007_01.h5,2022-08-03T03:20:15+00:00,645,16,1,007,01,2210000129,seed,2026-09-04
ATL13_20220804170313_06691601_007_01.h5,2022-08-04T17:03:13+00:00,669,16,1,007,01,2210000129,seed,2026-09-04
ATL13_20220807013740_07051601_007_01.h5,2022-08-07T01:37:40+00:00,705,16,1,007,01,2210000129,seed,2026-09-04
ATL13_20220811061211_07691601_007_01.h5,2022-08-11T06:12:11+00:00,769,16,1,007,01,2210000129,seed,2026-09-04
ATL13_20220829141320_10491601_007_01.h5,2022-08-29T14:13:20+00:00,1049,16,1,007,01,2210000129,seed,2026-09-04
ATL13_20220902123040_11091601_007_01.h5,2022-09-02T12:30:40+00:00,1109,16,1,007,01,2210000129,seed,2026-09-04
ATL13_20220905032217_11491601_007_01.h5,2022-09-05T03:22:17+00:00,1149,16,1,007,01,2210000129,seed,2026-09-04
ATL13_20220909013938_12091601_007_01.h5,2022-09-09T01:39:38+00:00,1209,16,1,007,01,2210000129,seed,2026-09-04
ATL13_20221001124059_01651701_007_01.h5,2022-10-01T12:40:59+00:00,165,17,1,007,01,2210000129,seed,2026-09-04
ATL13_20221004033231_02051701_007_01.h5,2022-10-04T03:32:31+00:00,205,17,1,007,01,2210000129,seed,2026-09-04
ATL13_20221008014954_02651701_007_01.h5,2022-10-08T01:49:54+00:00,265,17,1,007,01,2210000129,seed,2026-09-04
ATL13_20221026095101_05451701_007_01.h5,2022-10-26T09:51:01+00:00,545,17,1,007,01,2210000129,seed,2026-09-04
ATL13_20221030142535_06091701_007_01.h5,2022-10-30T14:25:35+00:00,609,17,1,007,01,2210000129,seed,2026-09-04
ATL13_20221101225958_06451701_007_01.h5,2022-11-01T22:59:58+00:00,645,17,1,007,01,2210000129,seed,2026-09-04
ATL13_20221110015150_07691701_007_01.h5,2022-11-10T01:51:50+00:00,769,17,1,007,01,2210000129,seed,2026-09-04
ATL13_20221204230156_11491701_007_01.h5,2022-12-04T23:01:56+00:00,1149,17,1,007,01,2210000129,seed,2026-09-04
ATL13_20221231082039_01651801_007_01.h5,2022-12-31T08:20:39+00:00,165,18,1,007,01,2210000129,seed,2026-09-04
ATL13_20230102231214_02051801_007_01.h5,2023-01-02T23:12:14+00:00,205,18,1,007,01,2210000129,seed,2026-09-04
ATL13_20230204165710_07051801_007_01.h5,2023-02-04T16:57:10+00:00,705,18,1,007,01,2210000129,seed,2026-09-04
ATL13_20230208213142_07691801_007_01.h5,2023-02-08T21:31:42+00:00,769,18,1,007,01,2210000129,seed,2026-09-04
ATL13_20230223071529_09891801_007_01.h5,2023-02-23T07:15:29+00:00,989,18,1,007,01,2210000129,seed,2026-09-04
ATL13_20230227053250_10491801_007_01.h5,2023-02-27T05:32:50+00:00,1049,18,1,007,01,2210000129,seed,2026-09-04
ATL13_20230303035014_11091801_007_01.h5,2023-03-03T03:50:14+00:00,1109,18,1,007,01,2210000129,seed,2026-09-04
ATL13_20230305184155_11491801_007_02.h5,2023-03-05T18:41:55+00:00,1149,18,1,007,02,2210000129,seed,2026-09-04
ATL13_20230309165911_12091801_007_01.h5,2023-03-09T16:59:11+00:00,1209,18,1,007,01,2210000129,seed,2026-09-04
ATL13_20230324072545_00451901_007_01.h5,2023-03-24T07:25:45+00:00,45,19,1,007,01,2210000129,seed,2026-09-04
ATL13_20230426011031_05451901_007_01.h5,2023-04-26T01:10:31+00:00,545,19,1,007,01,2210000129,seed,2026-09-04
ATL13_20230502141928_06451901_007_01.h5,2023-05-02T14:19:28+00:00,645,19,1,007,01,2210000129,seed,2026-09-04
ATL13_20230504040224_06691901_007_01.h5,2023-05-04T04:02:24+00:00,669,19,1,007,01,2210000129,seed,2026-09-04
ATL13_20230506123651_07051901_007_01.h5,2023-05-06T12:36:51+00:00,705,19,1,007,01,2210000129,seed,2026-09-04
ATL13_20230510171122_07691901_007_01.h5,2023-05-10T17:11:22+00:00,769,19,1,007,01,2210000129,seed,2026-09-04
ATL13_20230525025503_09891901_007_01.h5,2023-05-25T02:55:03+00:00,989,19,1,007,01,2210000129,seed,2026-09-04
ATL13_20230529011223_10491901_007_01.h5,2023-05-29T01:12:23+00:00,1049,19,1,007,01,2210000129,seed,2026-09-04
ATL13_20230601232942_11091901_007_01.h5,2023-06-01T23:29:42+00:00,1109,19,1,007,01,2210000129,seed,2026-09-04
ATL13_20230604142115_11491901_007_01.h5,2023-06-04T14:21:15+00:00,1149,19,1,007,01,2210000129,seed,2026-09-04
ATL13_20230608123831_12091901_007_01.h5,2023-06-08T12:38:31+00:00,1209,19,1,007,01,2210000129,seed,2026-09-04
ATL13_20230623030506_00452001_007_01.h5,2023-06-23T03:05:06+00:00,45,20,1,007,01,2210000129,seed,2026-09-04
ATL13_20230627012228_01052001_007_01.h5,2023-06-27T01:22:28+00:00,105,20,1,007,01,2210000129,seed,2026-09-04
ATL13_20230630233948_01652001_007_01.h5,2023-06-30T23:39:48+00:00,165,20,1,007,01,2210000129,seed,2026-09-04
ATL13_20230703143124_02052001_007_01.h5,2023-07-03T14:31:24+00:00,205,20,1,007,01,2210000129,seed,2026-09-04
ATL13_20230707124845_02652001_007_01.h5,2023-07-07T12:48:45+00:00,265,20,1,007,01,2210000129,seed,2026-09-04
ATL13_20230711110606_03252001_007_01.h5,2023-07-11T11:06:06+00:00,325,20,1,007,01,2210000129,seed,2026-09-04
ATL13_20230725204944_05452001_007_01.h5,2023-07-25T20:49:44+00:00,545,20,1,007,01,2210000129,seed,2026-09-04
ATL13_20230730012414_06092001_007_01.h5,2023-07-30T01:24:14+00:00,609,20,1,007,01,2210000129,seed,2026-09-04
ATL13_20230801095840_06452001_007_01.h5,2023-08-01T09:58:40+00:00,645,20,1,007,01,2210000129,seed,2026-09-04
ATL13_20230805081601_07052001_007_01.h5,2023-08-05T08:16:01+00:00,705,20,1,007,01,2210000129,seed,2026-09-04
ATL13_20230809125033_07692001_007_01.h5,2023-08-09T12:50:33+00:00,769,20,1,007,01,2210000129,seed,2026-09-04
ATL13_20230823223414_09892001_007_01.h5,2023-08-23T22:34:14+00:00,989,20,1,007,01,2210000129,seed,2026-09-04
ATL13_20230827205139_10492001_007_01.h5,2023-08-27T20:51:39+00:00,1049,20,1,007,01,2210000129,seed,2026-09-04
ATL13_20230831190910_11092001_007_01.h5,2023-08-31T19:09:10+00:00,1109,20,1,007,01,2210000129,seed,2026-09-04
ATL13_20230903100033_11492001_007_01.h5,2023-09-03T10:00:33+00:00,1149,20,1,007,01,2210000129,seed,2026-09-04
ATL13_20230907081749_12092001_007_01.h5,2023-09-07T08:17:49+00:00,1209,20,1,007,01,2210000129,seed,2026-09-04
ATL13_20230921224430_00452101_007_01.h5,2023-09-21T22:44:30+00:00,45,21,1,007,01,2210000129,seed,2026-09-04
ATL13_20230925210148_01052101_007_01.h5,2023-09-25T21:01:48+00:00,105,21,1,007,01,2210000129,seed,2026-09-04
ATL13_20230929191909_01652101_007_01.h5,2023-09-29T19:19:09+00:00,165,21,1,007,01,2210000129,seed,2026-09-04
ATL13_20231002101048_02052101_007_01.h5,2023-10-02T10:10:48+00:00,205,21,1,007,01,2210000129,seed,2026-09-04
ATL13_20231006082810_02652101_007_01.h5,2023-10-06T08:28:10+00:00,265,21,1,007,01,2210000129,seed,2026-09-04
ATL13_20231010064524_03252101_007_01.h5,2023-10-10T06:45:24+00:00,325,21,1,007,01,2210000129,seed,2026-09-04
ATL13_20231024162917_05452101_007_01.h5,2023-10-24T16:29:17+00:00,545,21,1,007,01,2210000129,seed,2026-09-04
ATL13_20231104035541_07052101_007_01.h5,2023-11-04T03:55:41+00:00,705,21,1,007,01,2210000129,seed,2026-09-04
ATL13_20231130144835_11092101_007_01.h5,2023-11-30T14:48:35+00:00,1109,21,1,007,01,2210000129,seed,2026-09-04
ATL13_20231203054013_11492101_007_01.h5,2023-12-03T05:40:13+00:00,1149,21,1,007,01,2210000129,seed,2026-09-04
ATL13_20240101055032_02052201_007_01.h5,2024-01-01T05:50:32+00:00,205,22,1,007,01,2210000129,seed,2026-09-04
ATL13_20240105040754_02652201_007_01.h5,2024-01-05T04:07:54+00:00,265,22,1,007,01,2210000129,seed,2026-09-04
ATL13_20240109022510_03252201_007_01.h5,2024-01-09T02:25:10+00:00,325,22,1,007,01,2210000129,seed,2026-09-04
ATL13_20240127164320_06092201_007_01.h5,2024-01-27T16:43:20+00:00,609,22,1,007,01,2210000129,seed,2026-09-04
ATL13_20240130011747_06452201_007_01.h5,2024-01-30T01:17:47+00:00,645,22,1,007,01,2210000129,seed,2026-09-04
ATL13_20240131150044_06692201_007_01.h5,2024-01-31T15:00:44+00:00,669,22,1,007,01,2210000129,seed,2026-09-04
ATL13_20240202233513_07052201_007_01.h5,2024-02-02T23:35:13+00:00,705,22,1,007,01,2210000129,seed,2026-09-04
ATL13_20240207040943_07692201_007_01.h5,2024-02-07T04:09:43+00:00,769,22,1,007,01,2210000129,seed,2026-09-04
ATL13_20240225121041_10492201_007_01.h5,2024-02-25T12:10:41+00:00,1049,22,1,007,01,2210000129,seed,2026-09-04
ATL13_20240229102758_11092201_007_01.h5,2024-02-29T10:27:58+00:00,1109,22,1,007,01,2210000129,seed,2026-09-04
ATL13_20240303011938_11492201_007_01.h5,2024-03-03T01:19:38+00:00,1149,22,1,007,01,2210000129,seed,2026-09-04
ATL13_20240329103813_01652301_007_01.h5,2024-03-29T10:38:13+00:00,165,23,1,007,01,2210000129,seed,2026-09-04
ATL13_20240401012953_02052301_007_01.h5,2024-04-01T01:29:53+00:00,205,23,1,007,01,2210000129,seed,2026-09-04
ATL13_20240404234712_02652301_007_01.h5,2024-04-04T23:47:12+00:00,265,23,1,007,01,2210000129,seed,2026-09-04
ATL13_20240408220438_03252301_007_01.h5,2024-04-08T22:04:38+00:00,325,23,1,007,01,2210000129,seed,2026-09-04
ATL13_20240423074815_05452301_007_01.h5,2024-04-23T07:48:15+00:00,545,23,1,007,01,2210000129,seed,2026-09-04
ATL13_20240427122239_06092301_007_01.h5,2024-04-27T12:22:39+00:00,609,23,1,007,01,2210000129,seed,2026-09-04
ATL13_20240429205713_06452301_007_01.h5,2024-04-29T20:57:13+00:00,645,23,1,007,01,2210000129,seed,2026-09-04
ATL13_20240501104020_06692301_007_01.h5,2024-05-01T10:40:20+00:00,669,23,1,007,01,2210000129,seed,2026-09-04
ATL13_20240503191439_07052301_007_01.h5,2024-05-03T19:14:39+00:00,705,23,1,007,01,2210000129,seed,2026-09-04
ATL13_20240624080050_01052401_007_01.h5,2024-06-24T08:00:50+00:00,105,24,1,007,01,2210000129,seed,2026-09-04
ATL13_20240628061817_01652401_007_01.h5,2024-06-28T06:18:17+00:00,165,24,1,007,01,2210000129,seed,2026-09-04
ATL13_20240704192708_02652401_007_01.h5,2024-07-04T19:27:08+00:00,265,24,1,007,01,2210000129,seed,2026-09-04
ATL13_20240708174415_03252401_007_01.h5,2024-07-08T17:44:15+00:00,325,24,1,007,01,2210000129,seed,2026-09-04
ATL13_20240723032800_05452401_007_01.h5,2024-07-23T03:28:00+00:00,545,24,1,007,01,2210000129,seed,2026-09-04
ATL13_20240727080228_06092401_007_01.h5,2024-07-27T08:02:28+00:00,609,24,1,007,01,2210000129,seed,2026-09-04
ATL13_20240729163655_06452401_007_01.h5,2024-07-29T16:36:55+00:00,645,24,1,007,01,2210000129,seed,2026-09-04
ATL13_20240731061950_06692401_007_01.h5,2024-07-31T06:19:50+00:00,669,24,1,007,01,2210000129,seed,2026-09-04
ATL13_20240802145417_07052401_007_01.h5,2024-08-02T14:54:17+00:00,705,24,1,007,01,2210000129,seed,2026-09-04
ATL13_20240806192908_07692401_007_01.h5,2024-08-06T19:29:08+00:00,769,24,1,007,01,2210000129,seed,2026-09-04
ATL13_20240821051227_09892401_007_01.h5,2024-08-21T05:12:27+00:00,989,24,1,007,01,2210000129,seed,2026-09-04
ATL13_20240825033005_10492401_007_01.h5,2024-08-25T03:30:05+00:00,1049,24,1,007,01,2210000129,seed,2026-09-04
ATL13_20240904145625_12092401_007_01.h5,2024-09-04T14:56:25+00:00,1209,24,1,007,01,2210000129,seed,2026-09-04
ATL13_20240923034014_01052501_007_01.h5,2024-09-23T03:40:14+00:00,105,25,1,007,01,2210000129,seed,2026-09-04
ATL13_20240927015734_01652501_007_01.h5,2024-09-27T01:57:34+00:00,165,25,1,007,01,2210000129,seed,2026-09-04
ATL13_20240929164911_02052501_007_01.h5,2024-09-29T16:49:11+00:00,205,25,1,007,01,2210000129,seed,2026-09-04
ATL13_20241003150631_02652501_007_01.h5,2024-10-03T15:06:31+00:00,265,25,1,007,01,2210000129,seed,2026-09-04
ATL13_20241021230742_05452501_007_01.h5,2024-10-21T23:07:42+00:00,545,25,1,007,01,2210000129,seed,2026-09-04
ATL13_20241026034206_06092501_007_01.h5,2024-10-26T03:42:06+00:00,609,25,1,007,01,2210000129,seed,2026-09-04
ATL13_20241028121635_06452501_007_01.h5,2024-10-28T12:16:35+00:00,645,25,1,007,01,2210000129,seed,2026-09-04
ATL13_20241030015932_06692501_007_01.h5,2024-10-30T01:59:32+00:00,669,25,1,007,01,2210000129,seed,2026-09-04
ATL13_20241101103354_07052501_007_01.h5,2024-11-01T10:33:54+00:00,705,25,1,007,01,2210000129,seed,2026-09-04
ATL13_20241105150834_07692501_007_01.h5,2024-11-05T15:08:34+00:00,769,25,1,007,01,2210000129,seed,2026-09-04
ATL13_20241120005220_09892501_007_01.h5,2024-11-20T00:52:20+00:00,989,25,1,007,01,2210000129,seed,2026-09-04
ATL13_20241123230935_10492501_007_01.h5,2024-11-23T23:09:35+00:00,1049,25,1,007,01,2210000129,seed,2026-09-04
ATL13_20241219010228_00452601_007_01.h5,2024-12-19T01:02:28+00:00,45,26,1,007,01,2210000129,seed,2026-09-04
ATL13_20250102104602_02652601_007_01.h5,2025-01-02T10:46:02+00:00,265,26,1,007,01,2210000129,seed,2026-09-04
ATL13_20250218203146_09892601_007_01.h5,2025-02-18T20:31:46+00:00,989,26,1,007,01,2210000129,seed,2026-09-04
ATL13_20250222184912_10492601_007_01.h5,2025-02-22T18:49:12+00:00,1049,26,1,007,01,2210000129,seed,2026-09-04
ATL13_20250226170634_11092601_007_01.h5,2025-02-26T17:06:34+00:00,1109,26,1,007,01,2210000129,seed,2026-09-04
ATL13_20250301075816_11492601_007_01.h5,2025-03-01T07:58:16+00:00,1149,26,1,007,01,2210000129,seed,2026-09-04
ATL13_20250305061532_12092601_007_01.h5,2025-03-05T06:15:32+00:00,1209,26,1,007,01,2210000129,seed,2026-09-04
ATL13_20250323185939_01052701_007_01.h5,2025-03-23T18:59:39+00:00,105,27,1,007,01,2210000129,seed,2026-09-04
ATL13_20250421142654_05452701_007_01.h5,2025-04-21T14:26:54+00:00,545,27,1,007,01,2210000129,seed,2026-09-04
ATL13_20250425190123_06092701_007_01.h5,2025-04-25T19:01:23+00:00,609,27,1,007,01,2210000129,seed,2026-09-04
ATL13_20250428033546_06452701_007_01.h5,2025-04-28T03:35:46+00:00,645,27,1,007,01,2210000129,seed,2026-09-04
ATL13_20250429171838_06692701_007_01.h5,2025-04-29T17:18:38+00:00,669,27,1,007,01,2210000129,seed,2026-09-04
ATL13_20250502015311_07052701_007_01.h5,2025-05-02T01:53:11+00:00,705,27,1,007,01,2210000129,seed,2026-09-04
ATL13_20250506062755_07692701_007_01.h5,2025-05-06T06:27:55+00:00,769,27,1,007,01,2210000129,seed,2026-09-04
ATL13_20250520161123_09892701_007_01.h5,2025-05-20T16:11:23+00:00,989,27,1,007,01,2210000129,seed,2026-09-04
ATL13_20250524142839_10492701_007_01.h5,2025-05-24T14:28:39+00:00,1049,27,1,007,01,2210000129,seed,2026-09-04
ATL13_20250528124556_11092701_007_01.h5,2025-05-28T12:45:56+00:00,1109,27,1,007,01,2210000129,seed,2026-09-04
ATL13_20250531033732_11492701_007_01.h5,2025-05-31T03:37:32+00:00,1149,27,1,007,01,2210000129,seed,2026-09-04
ATL13_20250604015452_12092701_007_01.h5,2025-06-04T01:54:52+00:00,1209,27,1,007,01,2210000129,seed,2026-09-04
ATL13_20250618162135_00452801_007_01.h5,2025-06-18T16:21:35+00:00,45,28,1,007,01,2210000129,seed,2026-09-04
ATL13_20250622143849_01052801_007_01.h5,2025-06-22T14:38:49+00:00,105,28,1,007,01,2210000129,seed,2026-09-04
ATL13_20250626125601_01652801_007_01.h5,2025-06-26T12:56:01+00:00,165,28,1,007,01,2210000129,seed,2026-09-04
ATL13_20250703020511_02652801_007_01.h5,2025-07-03T02:05:11+00:00,265,28,1,007,01,2210000129,seed,2026-09-04
ATL13_20250707002230_03252801_007_01.h5,2025-07-07T00:22:30+00:00,325,28,1,007,01,2210000129,seed,2026-09-04
ATL13_20250725144034_06092801_007_01.h5,2025-07-25T14:40:34+00:00,609,28,1,007,01,2210000129,seed,2026-09-04
ATL13_20250727231500_06452801_007_01.h5,2025-07-27T23:15:00+00:00,645,28,1,007,01,2210000129,seed,2026-09-04
ATL13_20250729125755_06692801_007_01.h5,2025-07-29T12:57:55+00:00,669,28,1,007,01,2210000129,seed,2026-09-04
ATL13_20250731213219_07052801_007_01.h5,2025-07-31T21:32:19+00:00,705,28,1,007,01,2210000129,seed,2026-09-04
ATL13_20250805020651_07692801_007_01.h5,2025-08-05T02:06:51+00:00,769,28,1,007,01,2210000129,seed,2026-09-04
ATL13_20250819115028_09892801_007_01.h5,2025-08-19T11:50:28+00:00,989,28,1,007,01,2210000129,seed,2026-09-04
ATL13_20250827082517_11092801_007_01.h5,2025-08-27T08:25:17+00:00,1109,28,1,007,01,2210000129,seed,2026-09-04
ATL13_20250829231652_11492801_007_01.h5,2025-08-29T23:16:52+00:00,1149,28,1,007,01,2210000129,seed,2026-09-04
ATL13_20250902213405_12092801_007_01.h5,2025-09-02T21:34:05+00:00,1209,28,1,007,01,2210000129,seed,2026-09-04
ATL13_20250917120049_00452901_007_01.h5,2025-09-17T12:00:49+00:00,45,29,1,007,01,2210000129,seed,2026-09-04
ATL13_20250921101822_01052901_007_01.h5,2025-09-21T10:18:22+00:00,105,29,1,007,01,2210000129,seed,2026-09-04
ATL13_20250925083540_01652901_007_01.h5,2025-09-25T08:35:40+00:00,165,29,1,007,01,2210000129,seed,2026-09-04
ATL13_20251001214438_02652901_007_01.h5,2025-10-01T21:44:38+00:00,265,29,1,007,01,2210000129,seed,2026-09-04
ATL13_20251005200151_03252901_007_01.h5,2025-10-05T20:01:51+00:00,325,29,1,007,01,2210000129,seed,2026-09-04
ATL13_20251030171201_07052901_007_01.h5,2025-10-30T17:12:01+00:00,705,29,1,007,01,2210000129,seed,2026-09-04
ATL13_20251103214631_07692901_007_01.h5,2025-11-03T21:46:31+00:00,769,29,1,007,01,2210000129,seed,2026-09-04
ATL13_20251118073023_09892901_007_01.h5,2025-11-18T07:30:23+00:00,989,29,1,007,01,2210000129,seed,2026-09-04
ATL13_20251122054752_10492901_007_01.h5,2025-11-22T05:47:52+00:00,1049,29,1,007,01,2210000129,seed,2026-09-04
ATL13_20251126040451_11092901_007_01.h5,2025-11-26T04:04:51+00:00,1109,29,1,007,01,2210000129,seed,2026-09-04
ATL13_20251225041536_01653001_007_01.h5,2025-12-25T04:15:36+00:00,165,30,1,007,01,2210000129,seed,2026-09-04
ATL13_20251231172418_02653001_007_01.h5,2025-12-31T17:24:18+00:00,265,30,1,007,01,2210000129,seed,2026-09-04
